opportunity_id,status,source,buyer,solicitation_number,title,portal_url,posted_date,question_deadline,due_date,delivery_location,estimated_value,primary_products,commodity_terms,fit_score,risk_level,next_action,owner,created_date,last_reviewed,notes,procurement_risk,gate_status,compliance_blocker,win_score,win_factors
bonfire-harris-county-reference-26-0136-name-rfp-election-management-system-for-harris-county-clerk-s-office-1ea1e8,watching,Bonfire: Harris County,,,Reference #: 26/0136. Name: RFP - Election Management System for Harris County Clerk's Office,https://harriscountytx.bonfirehub.com/opportunities/206717,2026-05-08,,,,,,,0,,no mattress/bedding signal,,2026-07-02,2026-07-02,Auto-ingested from Bonfire: Harris County feed; verify details at the source; relevance=REJECT,medium,triage,source_verification_pending; specs_pending,,
bonfire-harris-county-reference-26-0178-name-itb-asphalt-roadway-rehabilitation-at-spring-cypress-road-for-har-b898a5,watching,Bonfire: Harris County,,,Reference #: 26/0178. Name: ITB - Asphalt Roadway Rehabilitation at Spring Cypress Road for Harris County Precinct 3 (FHWA),https://harriscountytx.bonfirehub.com/opportunities/239069,2026-06-12,,,,,,,0,,no mattress/bedding signal,,2026-07-02,2026-07-02,Auto-ingested from Bonfire: Harris County feed; verify details at the source; relevance=REJECT,medium,triage,source_verification_pending; specs_pending,,
bonfire-harris-county-reference-26-0164-name-itb-sheet-pile-and-cathodic-protection-repairs-for-the-harris-cou-51dab1,watching,Bonfire: Harris County,,,Reference #: 26/0164. Name: ITB - Sheet Pile and Cathodic Protection Repairs for the Harris County Flood Control District,https://harriscountytx.bonfirehub.com/opportunities/238616,2026-06-08,,,,,,,0,,no mattress/bedding signal,,2026-07-02,2026-07-02,Auto-ingested from Bonfire: Harris County feed; verify details at the source; relevance=REJECT,medium,triage,source_verification_pending; specs_pending,,
bonfire-harris-county-reference-26-0185-name-itb-maintenance-and-repair-of-sidewalk-construction-and-related-i-77a023,watching,Bonfire: Harris County,,,Reference #: 26/0185. Name: ITB - Maintenance and Repair of Sidewalk Construction and Related Items for Harris County Precinct 1,https://harriscountytx.bonfirehub.com/opportunities/239533,2026-06-12,,,,,,,0,,no mattress/bedding signal,,2026-07-02,2026-07-02,Auto-ingested from Bonfire: Harris County feed; verify details at the source; relevance=REJECT,medium,triage,source_verification_pending; specs_pending,,
bonfire-harris-county-reference-26-0167-name-csp-crosby-community-center-hvac-controls-upgrades-for-the-office-43f111,watching,Bonfire: Harris County,,,"Reference #: 26/0167. Name: CSP - Crosby Community Center HVAC Controls Upgrades for the Office of the County Engineer (Estimated Budget $1,636,424)",https://harriscountytx.bonfirehub.com/opportunities/238011,2026-06-12,,,,,,,0,,no mattress/bedding signal,,2026-07-02,2026-07-02,Auto-ingested from Bonfire: Harris County feed; verify details at the source; relevance=REJECT,medium,triage,source_verification_pending; specs_pending,,
bonfire-harris-county-reference-26-0157-name-csp-intermediate-distribution-room-idr-construction-at-ben-taub-h-cf93ec,watching,Bonfire: Harris County,,,"Reference #: 26/0157. Name: CSP - Intermediate Distribution Room (IDR) Construction at Ben Taub Hospital for Harris Health (Estimated Budget - $1,155,000)",https://harriscountytx.bonfirehub.com/opportunities/237675,2026-05-29,,,,,,,0,,no mattress/bedding signal,,2026-07-02,2026-07-02,Auto-ingested from Bonfire: Harris County feed; verify details at the source; relevance=REJECT,medium,triage,source_verification_pending; specs_pending,,
bonfire-harris-county-reference-26-0156-name-csp-construction-and-renovation-of-various-firing-ranges-for-the--349c21,watching,Bonfire: Harris County,,,"Reference #: 26/0156. Name: CSP - Construction and Renovation of Various Firing Ranges for the Harris County Sheriff’s Office Firearms Complex for the Office of the County Engineer (Estimated Budget $4,000,000)",https://harriscountytx.bonfirehub.com/opportunities/237156,2026-05-29,,,,,,,0,,no mattress/bedding signal,,2026-07-02,2026-07-02,Auto-ingested from Bonfire: Harris County feed; verify details at the source; relevance=REJECT,medium,triage,source_verification_pending; specs_pending,,
bonfire-harris-county-reference-26-0187-name-itb-mowing-and-maintenance-services-of-right-of-ways-and-esplanad-a5daf9,watching,Bonfire: Harris County,,,Reference #: 26/0187. Name: ITB - Mowing and Maintenance Services of Right-Of-Ways and Esplanades at Hardy Aldine Camp Area and Related Items for Harris County Precinct 2,https://harriscountytx.bonfirehub.com/opportunities/239574,2026-06-12,,,,,,,0,,no mattress/bedding signal,,2026-07-02,2026-07-02,Auto-ingested from Bonfire: Harris County feed; verify details at the source; relevance=REJECT,medium,triage,source_verification_pending; specs_pending,,
bonfire-harris-county-reference-26-0189-name-itb-mowing-and-maintenance-services-of-right-of-ways-and-esplanad-01dbb5,watching,Bonfire: Harris County,,,Reference #: 26/0189. Name: ITB - Mowing and Maintenance Services of Right-Of-Ways and Esplanades at Wade Camp Area and Related Items for Harris County Precinct 2,https://harriscountytx.bonfirehub.com/opportunities/239593,2026-06-12,,,,,,,0,,no mattress/bedding signal,,2026-07-02,2026-07-02,Auto-ingested from Bonfire: Harris County feed; verify details at the source; relevance=REJECT,medium,triage,source_verification_pending; specs_pending,,
bonfire-harris-county-reference-26-0194-name-itb-demolition-and-new-construction-of-restroom-and-concession-bu-f2765a,watching,Bonfire: Harris County,,,Reference #: 26/0194. Name: ITB - Demolition and New Construction of Restroom and Concession Building at Denver Harbor Park for Harris County Precinct 2,https://harriscountytx.bonfirehub.com/opportunities/239607,2026-06-12,,,,,,,0,,no mattress/bedding signal,,2026-07-02,2026-07-02,Auto-ingested from Bonfire: Harris County feed; verify details at the source; relevance=REJECT,medium,triage,source_verification_pending; specs_pending,,
bonfire-harris-county-reference-26-0195-name-itb-mowing-and-maintenance-services-of-right-of-ways-and-esplanad-d7a45d,watching,Bonfire: Harris County,,,Reference #: 26/0195. Name: ITB - Mowing and Maintenance Services of Right-Of-Ways and Esplanades at Genoa Camp Area and Related Items for Harris County Precinct 2,https://harriscountytx.bonfirehub.com/opportunities/239656,2026-06-12,,,,,,,0,,no mattress/bedding signal,,2026-07-02,2026-07-02,Auto-ingested from Bonfire: Harris County feed; verify details at the source; relevance=REJECT,medium,triage,source_verification_pending; specs_pending,,
bonfire-harris-county-reference-26-0108-name-rfp-financial-reporting-system-for-the-harris-county-auditor-s-of-9aaaf4,watching,Bonfire: Harris County,,,Reference #: 26/0108. Name: RFP - Financial Reporting System for the Harris County Auditor's Office,https://harriscountytx.bonfirehub.com/opportunities/228461,2026-05-22,,,,,,,0,,no mattress/bedding signal,,2026-07-02,2026-07-02,Auto-ingested from Bonfire: Harris County feed; verify details at the source; relevance=REJECT,medium,triage,source_verification_pending; specs_pending,,
bonfire-harris-county-reference-26-0075-name-rfp-agenda-and-meeting-management-system-for-harris-county-f429a8,watching,Bonfire: Harris County,,,Reference #: 26/0075. Name: RFP - Agenda and Meeting Management System for Harris County,https://harriscountytx.bonfirehub.com/opportunities/228389,2026-05-15,,,,,,,0,,no mattress/bedding signal,,2026-07-02,2026-07-02,Auto-ingested from Bonfire: Harris County feed; verify details at the source; relevance=REJECT,medium,triage,source_verification_pending; specs_pending,,
bonfire-harris-county-reference-26-0082-name-rfp-realtor-services-for-the-sale-of-ward-property-for-harris-cou-fda391,watching,Bonfire: Harris County,,,Reference #: 26/0082. Name: RFP - Realtor Services for the Sale of Ward Property for Harris County Resources for Children and Adults,https://harriscountytx.bonfirehub.com/opportunities/224155,2026-06-12,,,,,,,0,,no mattress/bedding signal,,2026-07-02,2026-07-02,Auto-ingested from Bonfire: Harris County feed; verify details at the source; relevance=REJECT,medium,triage,source_verification_pending; specs_pending,,
bonfire-harris-county-reference-26-0078-name-itb-on-call-heating-ventilation-and-air-conditioning-hvac-service-f16fa3,watching,Bonfire: Harris County,,,"Reference #: 26/0078. Name: ITB - On-Call Heating, Ventilation, and Air-Conditioning (HVAC) Services and Related Items for Harris County Toll Road Authority",https://harriscountytx.bonfirehub.com/opportunities/224028,2026-06-12,,,,,,,0,,no mattress/bedding signal,,2026-07-02,2026-07-02,Auto-ingested from Bonfire: Harris County feed; verify details at the source; relevance=REJECT,medium,triage,source_verification_pending; specs_pending,,
bonfire-harris-county-reference-26-0064-name-itb-north-zone-sports-field-lighting-services-inspection-maintena-778615,watching,Bonfire: Harris County,,,"Reference #: 26/0064. Name: ITB - North Zone Sports Field Lighting Services - Inspection, Maintenance, and Related Services for Harris County Precinct 2",https://harriscountytx.bonfirehub.com/opportunities/222814,2026-06-12,,,,,,,0,,no mattress/bedding signal,,2026-07-02,2026-07-02,Auto-ingested from Bonfire: Harris County feed; verify details at the source; relevance=REJECT,medium,triage,source_verification_pending; specs_pending,,
bonfire-harris-county-reference-25-0185-name-itb-sprayer-and-spreader-replacement-for-de-icing-anti-icing-mate-92fe59,watching,Bonfire: Harris County,,,Reference #: 25/0185. Name: ITB - Sprayer and Spreader Replacement for De-Icing/Anti-Icing Material and related items for the Harris County Toll Road Authority,https://harriscountytx.bonfirehub.com/opportunities/208887,2026-05-22,,,,,,,0,,no mattress/bedding signal,,2026-07-02,2026-07-02,Auto-ingested from Bonfire: Harris County feed; verify details at the source; relevance=REJECT,medium,triage,source_verification_pending; specs_pending,,
bonfire-harris-county-reference-kj05142026-name-rfo-dental-services-healthcare-for-the-homeless-program-41161d,watching,Bonfire: Harris County,,,Reference #: KJ05142026. Name: RFO - Dental Services/Healthcare for the Homeless Program,https://harriscountytx.bonfirehub.com/opportunities/236253,2026-05-14,,,,,,,0,,no mattress/bedding signal,,2026-07-02,2026-07-02,Auto-ingested from Bonfire: Harris County feed; verify details at the source; relevance=REJECT,medium,triage,source_verification_pending; specs_pending,,
bonfire-harris-county-reference-26-0141-name-itb-intelligence-analyst-officer-for-the-texas-anti-gang-tag-cent-b5fd20,watching,Bonfire: Harris County,,,Reference #: 26/0141. Name: ITB - Intelligence Analyst Officer for the Texas Anti-Gang (TAG) Center,https://harriscountytx.bonfirehub.com/opportunities/234315,2026-06-19,,,,,,,0,,no mattress/bedding signal,,2026-07-02,2026-07-02,Auto-ingested from Bonfire: Harris County feed; verify details at the source; relevance=REJECT,medium,triage,source_verification_pending; specs_pending,,
bonfire-harris-county-reference-26-0183-name-itb-construction-of-the-blue-bell-stormwater-detention-basin-for--27d785,watching,Bonfire: Harris County,,,Reference #: 26/0183. Name: ITB - Construction of the Blue Bell Stormwater Detention Basin for the Harris County Flood Control District (FEMA),https://harriscountytx.bonfirehub.com/opportunities/239613,2026-06-19,,,,,,,0,,no mattress/bedding signal,,2026-07-02,2026-07-02,Auto-ingested from Bonfire: Harris County feed; verify details at the source; relevance=REJECT,medium,triage,source_verification_pending; specs_pending,,
bonfire-harris-county-reference-26-0160-name-rfp-managed-care-benchmarking-strategy-and-negotiation-support-se-8d2b50,watching,Bonfire: Harris County,,,"Reference #: 26/0160. Name: RFP - Managed Care Benchmarking, Strategy, and Negotiation Support Services",https://harriscountytx.bonfirehub.com/opportunities/239661,2026-06-12,,,,,,,0,,no mattress/bedding signal,,2026-07-02,2026-07-02,Auto-ingested from Bonfire: Harris County feed; verify details at the source; relevance=REJECT,medium,triage,source_verification_pending; specs_pending,,
bonfire-harris-county-reference-26-0184-name-itb-channel-erosion-repairs-at-jackson-bayou-for-harris-county-fl-023abc,watching,Bonfire: Harris County,,,Reference #: 26/0184. Name: ITB - Channel Erosion Repairs at Jackson Bayou for Harris County Flood Control District,https://harriscountytx.bonfirehub.com/opportunities/239559,2026-06-19,,,,,,,0,,no mattress/bedding signal,,2026-07-02,2026-07-02,Auto-ingested from Bonfire: Harris County feed; verify details at the source; relevance=REJECT,medium,triage,source_verification_pending; specs_pending,,
bonfire-harris-county-reference-26-0200-name-csp-construction-and-maintenance-of-various-roadways-for-harris-c-d0643e,watching,Bonfire: Harris County,,,"Reference #: 26/0200. Name: CSP - Construction and Maintenance of Various Roadways for Harris County Precinct 1 (Estimated Budget $65,575,750)",https://harriscountytx.bonfirehub.com/opportunities/240093,2026-06-12,,,,,,,0,,no mattress/bedding signal,,2026-07-02,2026-07-02,Auto-ingested from Bonfire: Harris County feed; verify details at the source; relevance=REJECT,medium,triage,source_verification_pending; specs_pending,,
bonfire-harris-county-reference-26-0181-name-csp-construction-and-renovation-of-the-1st-floor-permits-office-f-bbb946,watching,Bonfire: Harris County,,,"Reference #: 26/0181. Name: CSP - Construction and Renovation of the 1st Floor Permits Office for the 1111 Fannin (Annex 84) Building for the Office of the County Engineer (Estimated Budget $1,042,594)",https://harriscountytx.bonfirehub.com/opportunities/239279,2026-06-12,,,,,,,0,,no mattress/bedding signal,,2026-07-02,2026-07-02,Auto-ingested from Bonfire: Harris County feed; verify details at the source; relevance=REJECT,medium,triage,source_verification_pending; specs_pending,,
bonfire-harris-county-reference-26-0166-name-csp-harris-county-sheriff-s-office-patrol-district-6-expansion-pr-2c8ff6,watching,Bonfire: Harris County,,,"Reference #: 26/0166. Name: CSP - Harris County Sheriff's Office Patrol District 6 Expansion - Proposition A for the Office of the County Engineer (Estimated Budget $7,500,000)",https://harriscountytx.bonfirehub.com/opportunities/238416,2026-06-12,,,,,,,0,,no mattress/bedding signal,,2026-07-02,2026-07-02,Auto-ingested from Bonfire: Harris County feed; verify details at the source; relevance=REJECT,medium,triage,source_verification_pending; specs_pending,,
bonfire-harris-county-reference-26-0170-name-itb-construction-of-stormwater-detention-basin-on-south-mayde-cre-e9e17f,watching,Bonfire: Harris County,,,Reference #: 26/0170. Name: ITB - Construction of Stormwater Detention Basin on South Mayde Creek near Grand Parkway - Phase 1 - for Harris County Flood Control (CDBG-MIT),https://harriscountytx.bonfirehub.com/opportunities/238394,2026-06-05,,,,,,,0,,no mattress/bedding signal,,2026-07-02,2026-07-02,Auto-ingested from Bonfire: Harris County feed; verify details at the source; relevance=REJECT,medium,triage,source_verification_pending; specs_pending,,
bonfire-harris-county-reference-26-0155-name-rfp-promotional-examination-services-of-law-enforcement-officers--f8d6c7,watching,Bonfire: Harris County,,,Reference #: 26/0155. Name: RFP - Promotional Examination Services of Law Enforcement Officers for the Harris County Sheriff's Office,https://harriscountytx.bonfirehub.com/opportunities/237116,2026-06-12,,,,,,,0,,no mattress/bedding signal,,2026-07-02,2026-07-02,Auto-ingested from Bonfire: Harris County feed; verify details at the source; relevance=REJECT,medium,triage,source_verification_pending; specs_pending,,
bonfire-harris-county-reference-26-0137-name-rfsq-texas-transportation-code-284-audit-for-the-harris-county-to-ad0b0c,watching,Bonfire: Harris County,,,Reference #: 26/0137. Name: RFSQ - Texas Transportation Code 284 Audit for the Harris County Toll Road Authority,https://harriscountytx.bonfirehub.com/opportunities/236645,2026-05-29,,,,,,,0,,no mattress/bedding signal,,2026-07-02,2026-07-02,Auto-ingested from Bonfire: Harris County feed; verify details at the source; relevance=REJECT,medium,triage,source_verification_pending; specs_pending,,
bonfire-harris-county-reference-26-0152-name-csp-loading-dock-expansion-at-ben-taub-hospital-for-harris-health-00d526,watching,Bonfire: Harris County,,,"Reference #: 26/0152. Name: CSP - Loading Dock Expansion at Ben Taub Hospital for Harris Health (Estimated Budget - $2,500,000)",https://harriscountytx.bonfirehub.com/opportunities/236244,2026-05-22,,,,,,,0,,no mattress/bedding signal,,2026-07-02,2026-07-02,Auto-ingested from Bonfire: Harris County feed; verify details at the source; relevance=REJECT,medium,triage,source_verification_pending; specs_pending,,
bonfire-harris-county-reference-26-0138-name-csp-nuclear-medicine-renovation-systems-upgrade-at-ben-taub-hospi-327607,watching,Bonfire: Harris County,,,"Reference #: 26/0138. Name: CSP - Nuclear Medicine Renovation & Systems Upgrade at Ben Taub Hospital for Harris Health (Estimated Budget - $4,000,000)",https://harriscountytx.bonfirehub.com/opportunities/233431,2026-05-01,,,,,,,0,,no mattress/bedding signal,,2026-07-02,2026-07-02,Auto-ingested from Bonfire: Harris County feed; verify details at the source; relevance=REJECT,medium,triage,source_verification_pending; specs_pending,,
bonfire-harris-county-reference-26-0196-name-csp-chilled-water-heat-exchanger-plate-refurbishment-and-system-u-c4fac1,watching,Bonfire: Harris County,,,"Reference #: 26/0196. Name: CSP - Chilled Water Heat Exchanger Plate Refurbishment and System Upgrades at Ben Taub Hospital for Harris Health (Estimated Budget - $2,100,000)",https://harriscountytx.bonfirehub.com/opportunities/239881,2026-06-12,,,,,,,0,,no mattress/bedding signal,,2026-07-02,2026-07-02,Auto-ingested from Bonfire: Harris County feed; verify details at the source; relevance=REJECT,medium,triage,source_verification_pending; specs_pending,,
bonfire-harris-county-reference-26-0211-name-itb-general-watershed-repairs-to-channels-g-san-jacinto-river-s-l-ce052b,watching,Bonfire: Harris County,,,"Reference #: 26/0211. Name: ITB - General Watershed Repairs to Channels (G) San Jacinto River, (S) Luce Bayou, (R) Jackson Bayou, (Q) Cedar Bayou, (O) Spring Gully and Goose Creek, (N) Carpenters Bayou, and (P) Greens Bayou for the Harris County Flood Control District",https://harriscountytx.bonfirehub.com/opportunities/241252,2026-06-26,,,,,,,0,,no mattress/bedding signal,,2026-07-02,2026-07-02,Auto-ingested from Bonfire: Harris County feed; verify details at the source; relevance=REJECT,medium,triage,source_verification_pending; specs_pending,,
bonfire-harris-county-reference-26-0210-name-itb-construction-of-the-t-c-jester-stormwater-detention-basins-co-b17c57,watching,Bonfire: Harris County,,,Reference #: 26/0210. Name: ITB - Construction of the T.C. Jester Stormwater Detention Basins – Compartment 1A and 2 for the Harris County Flood Control District (FEMA),https://harriscountytx.bonfirehub.com/opportunities/241233,2026-06-26,,,,,,,0,,no mattress/bedding signal,,2026-07-02,2026-07-02,Auto-ingested from Bonfire: Harris County feed; verify details at the source; relevance=REJECT,medium,triage,source_verification_pending; specs_pending,,
bonfire-harris-county-reference-26-0206-name-itb-drainage-improvements-for-barwood-west-subdivision-2018-for-h-f1f378,watching,Bonfire: Harris County,,,Reference #: 26/0206. Name: ITB - Drainage Improvements for Barwood West Subdivision (2018) for Harris County Precinct 3 (CDBG-DR),https://harriscountytx.bonfirehub.com/opportunities/240830,2026-06-26,,,,,,,0,,no mattress/bedding signal,,2026-07-02,2026-07-02,Auto-ingested from Bonfire: Harris County feed; verify details at the source; relevance=REJECT,medium,triage,source_verification_pending; specs_pending,,
bonfire-harris-county-reference-26-0188-name-itb-riparian-management-services-for-the-harris-county-flood-cont-bf8591,watching,Bonfire: Harris County,,,Reference #: 26/0188. Name: ITB - Riparian Management Services for the Harris County Flood Control District,https://harriscountytx.bonfirehub.com/opportunities/240584,2026-06-19,,,,,,,0,,no mattress/bedding signal,,2026-07-02,2026-07-02,Auto-ingested from Bonfire: Harris County feed; verify details at the source; relevance=REJECT,medium,triage,source_verification_pending; specs_pending,,
bonfire-harris-county-reference-26-0044-name-itb-print-and-mail-materials-and-related-items-for-harris-county--6171d3,watching,Bonfire: Harris County,,,Reference #: 26/0044. Name: ITB - Print and Mail Materials and Related Items for Harris County Precinct 3,https://harriscountytx.bonfirehub.com/opportunities/220632,2026-06-26,,,,,,,0,,no mattress/bedding signal,,2026-07-02,2026-07-02,Auto-ingested from Bonfire: Harris County feed; verify details at the source; relevance=REJECT,medium,triage,source_verification_pending; specs_pending,,
bonfire-harris-county-reference-26-0104-name-itb-sam-houston-north-pavement-surface-replacement-e167ea,watching,Bonfire: Harris County,,,Reference #: 26/0104. Name: ITB - Sam Houston North Pavement Surface Replacement,https://harriscountytx.bonfirehub.com/opportunities/239947,2026-06-19,,,,,,,0,,no mattress/bedding signal,,2026-07-02,2026-07-02,Auto-ingested from Bonfire: Harris County feed; verify details at the source; relevance=REJECT,medium,triage,source_verification_pending; specs_pending,,
bonfire-harris-county-reference-26-0059-name-itb-concrete-traffic-barrier-services-for-the-harris-county-toll--7fad80,watching,Bonfire: Harris County,,,Reference #: 26/0059. Name: ITB - Concrete Traffic Barrier Services for the Harris County Toll Road Authority,https://harriscountytx.bonfirehub.com/opportunities/228800,2026-06-26,,,,,,,0,,no mattress/bedding signal,,2026-07-02,2026-07-02,Auto-ingested from Bonfire: Harris County feed; verify details at the source; relevance=REJECT,medium,triage,source_verification_pending; specs_pending,,
bonfire-harris-county-reference-26-0132-name-itb-specialty-chemicals-industrial-gases-and-related-items-for-th-313911,watching,Bonfire: Harris County,,,"Reference #: 26/0132. Name: ITB -  Specialty Chemicals, Industrial Gases, and Related Items for the Harris County Institute of Forensic Science",https://harriscountytx.bonfirehub.com/opportunities/232805,2026-06-26,,,,,,,0,,no mattress/bedding signal,,2026-07-02,2026-07-02,Auto-ingested from Bonfire: Harris County feed; verify details at the source; relevance=REJECT,medium,triage,source_verification_pending; specs_pending,,
bonfire-harris-county-reference-25-0372-name-rfsq-professional-landscape-architectural-and-engineering-service-4e61fd,watching,Bonfire: Harris County,,,Reference #: 25/0372. Name: RFSQ - Professional Landscape Architectural and Engineering Services for the Hardy Downtown Connector (HDC) – Improvements adjacent to Superfund Site(s) for Harris County Toll Road Authority,https://harriscountytx.bonfirehub.com/opportunities/237960,2026-06-05,,,,,,,0,,no mattress/bedding signal,,2026-07-02,2026-07-02,Auto-ingested from Bonfire: Harris County feed; verify details at the source; relevance=REJECT,medium,triage,source_verification_pending; specs_pending,,
bonfire-harris-county-reference-26-0186-name-itb-type-d-hot-mix-asphaltic-concrete-and-related-items-for-harri-78d037,watching,Bonfire: Harris County,,,Reference #: 26/0186. Name: ITB - Type D Hot-Mix Asphaltic Concrete and Related Items for Harris County Precinct 4 (TPWD),https://harriscountytx.bonfirehub.com/opportunities/239553,2026-06-19,,,,,,,0,,no mattress/bedding signal,,2026-07-02,2026-07-02,Auto-ingested from Bonfire: Harris County feed; verify details at the source; relevance=REJECT,medium,triage,source_verification_pending; specs_pending,,
bonfire-harris-county-reference-26-0129-name-rfp-esoteric-testing-services-635d8e,watching,Bonfire: Harris County,,,Reference #: 26/0129. Name: RFP - Esoteric Testing Services,https://harriscountytx.bonfirehub.com/opportunities/193084,2026-06-26,,,,,,,0,,no mattress/bedding signal,,2026-07-02,2026-07-02,Auto-ingested from Bonfire: Harris County feed; verify details at the source; relevance=REJECT,medium,triage,source_verification_pending; specs_pending,,
bonfire-harris-county-reference-26-0223-name-rfp-design-provide-and-install-playground-surfaces-and-equipment--08e19a,watching,Bonfire: Harris County,,,"Reference #: 26/0223. Name: RFP - Design, Provide, and Install Playground Surfaces and Equipment at Riley Chambers Park and Highlands Park for Harris County Precinct 3 (ARPA)",https://harriscountytx.bonfirehub.com/opportunities/242035,2026-06-29,,,,,,,0,,no mattress/bedding signal,,2026-07-02,2026-07-02,Auto-ingested from Bonfire: Harris County feed; verify details at the source; relevance=REJECT,medium,triage,source_verification_pending; specs_pending,,
bonfire-harris-county-reference-26-0127-name-rfsq-on-call-services-for-hctra-d7cbab,watching,Bonfire: Harris County,,,Reference #: 26/0127. Name: RFSQ  - On-Call Services for HCTRA,https://harriscountytx.bonfirehub.com/opportunities/239890,2026-06-12,,,,,,,0,,no mattress/bedding signal,,2026-07-02,2026-07-02,Auto-ingested from Bonfire: Harris County feed; verify details at the source; relevance=REJECT,medium,triage,source_verification_pending; specs_pending,,
bonfire-harris-county-reference-26-0177-name-rfsq-sdc-services-for-the-roadway-and-structural-segments-of-the--3ccd63,watching,Bonfire: Harris County,,,Reference #: 26/0177. Name: RFSQ - SDC Services for the Roadway and Structural Segments of the HDC Program,https://harriscountytx.bonfirehub.com/opportunities/241499,2026-06-26,,,,,,,0,,no mattress/bedding signal,,2026-07-02,2026-07-02,Auto-ingested from Bonfire: Harris County feed; verify details at the source; relevance=REJECT,medium,triage,source_verification_pending; specs_pending,,
bonfire-ut-austin-reference-721-26055-name-event-video-and-audio-services-643fcc,watching,Bonfire: UT Austin,,,Reference #: 721-26055. Name: Event Video and Audio Services,https://utexas.bonfirehub.com/opportunities/238690,2026-06-08,,,,,,,0,,no mattress/bedding signal,,2026-07-02,2026-07-02,Auto-ingested from Bonfire: UT Austin feed; verify details at the source; relevance=REJECT,medium,triage,source_verification_pending; specs_pending,,
bonfire-ut-austin-reference-721-26089-name-turnkey-ultrapure-di-water-system-bad4f4,watching,Bonfire: UT Austin,,,Reference #: 721-26089. Name: Turnkey Ultrapure DI Water System,https://utexas.bonfirehub.com/opportunities/237993,2026-05-28,,,,,,,0,,no mattress/bedding signal,,2026-07-02,2026-07-02,Auto-ingested from Bonfire: UT Austin feed; verify details at the source; relevance=REJECT,medium,triage,source_verification_pending; specs_pending,,
bonfire-ut-austin-reference-721-26073-name-event-rentals-80b00d,watching,Bonfire: UT Austin,,,Reference #: 721-26073. Name: Event Rentals,https://utexas.bonfirehub.com/opportunities/227684,2026-03-25,,,,,,,0,,no mattress/bedding signal,,2026-07-02,2026-07-02,Auto-ingested from Bonfire: UT Austin feed; verify details at the source; relevance=REJECT,medium,triage,source_verification_pending; specs_pending,,
bonfire-ut-austin-reference-721-26090-name-beg-elevator-replacement-1-2-and-3-acf483,watching,Bonfire: UT Austin,,,"Reference #: 721-26090. Name: BEG Elevator Replacement 1, 2, and 3",https://utexas.bonfirehub.com/opportunities/240700,2026-06-22,,,,,,,0,,no mattress/bedding signal,,2026-07-02,2026-07-02,Auto-ingested from Bonfire: UT Austin feed; verify details at the source; relevance=REJECT,medium,triage,source_verification_pending; specs_pending,,
bonfire-ut-health-san-antonio-reference-745-26-p44-name-re-bid-payment-cards-for-patient-studies-afb4ea,watching,Bonfire: UT Health San Antonio,,,Reference #: 745-26-P44. Name: Re-Bid Payment Cards for Patient Studies,https://uthscsa.bonfirehub.com/opportunities/239766,2026-06-15,,,,,,,0,,no mattress/bedding signal,,2026-07-02,2026-07-02,Auto-ingested from Bonfire: UT Health San Antonio feed; verify details at the source; relevance=REJECT,medium,triage,source_verification_pending; specs_pending,,
bonfire-ut-health-san-antonio-reference-745-26-p42-name-sabcs-shuttle-services-20d8cd,watching,Bonfire: UT Health San Antonio,,,Reference #: 745-26-P42. Name: SABCS Shuttle Services,https://uthscsa.bonfirehub.com/opportunities/236979,2026-06-29,,,,,,,0,,no mattress/bedding signal,,2026-07-02,2026-07-02,Auto-ingested from Bonfire: UT Health San Antonio feed; verify details at the source; relevance=REJECT,medium,triage,source_verification_pending; specs_pending,,
bonfire-ut-health-san-antonio-reference-745-26-p16-name-management-of-infusion-center-d6e499,watching,Bonfire: UT Health San Antonio,,,Reference #: 745-26-P16. Name: Management of Infusion Center,https://uthscsa.bonfirehub.com/opportunities/232688,2026-06-26,,,,,,,0,,no mattress/bedding signal,,2026-07-02,2026-07-02,Auto-ingested from Bonfire: UT Health San Antonio feed; verify details at the source; relevance=REJECT,medium,triage,source_verification_pending; specs_pending,,
bonfire-ut-health-san-antonio-reference-745-26-p43-name-clinical-imaging-77e282,watching,Bonfire: UT Health San Antonio,,,Reference #: 745-26-P43. Name: Clinical Imaging,https://uthscsa.bonfirehub.com/opportunities/239409,2026-06-29,,,,,,,0,,no mattress/bedding signal,,2026-07-02,2026-07-02,Auto-ingested from Bonfire: UT Health San Antonio feed; verify details at the source; relevance=REJECT,medium,triage,source_verification_pending; specs_pending,,
bonfire-ut-health-san-antonio-reference-745-26-p36-name-campus-wide-laundry-linen-services-d86e86,watching,Bonfire: UT Health San Antonio,,,Reference #: 745-26-P36. Name: Campus Wide Laundry & Linen Services,https://uthscsa.bonfirehub.com/opportunities/228108,2026-06-22,,,,,,,0,,no mattress/bedding signal,,2026-07-02,2026-07-02,Auto-ingested from Bonfire: UT Health San Antonio feed; verify details at the source; relevance=REJECT,medium,triage,source_verification_pending; specs_pending,,
bonfire-tdcj-tx-dept-of-criminal-justice-reference-696-fd-26-p038-name-middleton-install-hvac-536366,watching,Bonfire: TDCJ (TX Dept. of Criminal Justice),,,Reference #: 696-FD-26-P038. Name: Middleton - Install HVAC,https://tdcj.bonfirehub.com/opportunities/229120,2026-05-18,,,,,,,0,,no mattress/bedding signal,,2026-07-02,2026-07-02,Auto-ingested from Bonfire: TDCJ (TX Dept. of Criminal Justice) feed; verify details at the source; relevance=REJECT,medium,triage,source_verification_pending; specs_pending,,
bonfire-tdcj-tx-dept-of-criminal-justice-reference-iw256266-name-tdcj-stringfellow-unit-procurement-of-a-5-ton-2f243c,watching,Bonfire: TDCJ (TX Dept. of Criminal Justice),,,Reference #: IW256266. Name: TDCJ - Stringfellow Unit - Procurement of a 5-Ton HVAC Unit,https://tdcj.bonfirehub.com/opportunities/241232,2026-06-18,,,,,,,0,,no mattress/bedding signal,,2026-07-02,2026-07-02,Auto-ingested from Bonfire: TDCJ (TX Dept. of Criminal Justice) feed; verify details at the source; relevance=REJECT,medium,triage,source_verification_pending; specs_pending,,
bonfire-tdcj-tx-dept-of-criminal-justice-reference-iw246245-name-50-ton-hvac-unit-to-include-installation-ca93be,watching,Bonfire: TDCJ (TX Dept. of Criminal Justice),,,Reference #: IW246245. Name: 50-Ton HVAC Unit - To Include Installation,https://tdcj.bonfirehub.com/opportunities/239576,2026-06-05,,,,,,,0,,no mattress/bedding signal,,2026-07-02,2026-07-02,Auto-ingested from Bonfire: TDCJ (TX Dept. of Criminal Justice) feed; verify details at the source; relevance=REJECT,medium,triage,source_verification_pending; specs_pending,,
bonfire-tdcj-tx-dept-of-criminal-justice-reference-iw251052-name-tdcj-terrell-canning-plant-inedible-food-can--aac480,watching,Bonfire: TDCJ (TX Dept. of Criminal Justice),,,Reference #: IW251052. Name: TDCJ Terrell Canning Plant Inedible Food Can Trash Services,https://tdcj.bonfirehub.com/opportunities/239573,2026-06-16,,,,,,,0,,no mattress/bedding signal,,2026-07-02,2026-07-02,Auto-ingested from Bonfire: TDCJ (TX Dept. of Criminal Justice) feed; verify details at the source; relevance=REJECT,medium,triage,source_verification_pending; specs_pending,,
bonfire-tdcj-tx-dept-of-criminal-justice-reference-iw252869-name-scissorlifts-9a259b,watching,Bonfire: TDCJ (TX Dept. of Criminal Justice),,,Reference #: IW252869. Name: Scissorlifts,https://tdcj.bonfirehub.com/opportunities/241137,2026-06-18,,,,,,,0,,no mattress/bedding signal,,2026-07-02,2026-07-02,Auto-ingested from Bonfire: TDCJ (TX Dept. of Criminal Justice) feed; verify details at the source; relevance=REJECT,medium,triage,source_verification_pending; specs_pending,,
bonfire-tdcj-tx-dept-of-criminal-justice-reference-iw252764-name-rental-of-row-crop-tractors-9f7d25,watching,Bonfire: TDCJ (TX Dept. of Criminal Justice),,,Reference #: IW252764. Name: Rental of row crop tractors,https://tdcj.bonfirehub.com/opportunities/238950,2026-06-18,,,,,,,0,,no mattress/bedding signal,,2026-07-02,2026-07-02,Auto-ingested from Bonfire: TDCJ (TX Dept. of Criminal Justice) feed; verify details at the source; relevance=REJECT,medium,triage,source_verification_pending; specs_pending,,
bonfire-tdcj-tx-dept-of-criminal-justice-reference-696-fd-26-p039-name-holliday-unit-install-hvac-for-inmate-h-346600,watching,Bonfire: TDCJ (TX Dept. of Criminal Justice),,,Reference #: 696-FD-26-P039. Name: Holliday Unit - Install HVAC for Inmate Housing,https://tdcj.bonfirehub.com/opportunities/225466,2026-05-18,,,,,,,0,,no mattress/bedding signal,,2026-07-02,2026-07-02,Auto-ingested from Bonfire: TDCJ (TX Dept. of Criminal Justice) feed; verify details at the source; relevance=REJECT,medium,triage,source_verification_pending; specs_pending,,
bonfire-tdcj-tx-dept-of-criminal-justice-reference-iw254063-name-tdcj-hughes-unit-procurement-of-15-ton-hvac-u-1931f1,watching,Bonfire: TDCJ (TX Dept. of Criminal Justice),,,Reference #: IW254063. Name: TDCJ - Hughes Unit - Procurement of 15 Ton HVAC Unit,https://tdcj.bonfirehub.com/opportunities/239522,2026-06-22,,,,,,,0,,no mattress/bedding signal,,2026-07-02,2026-07-02,Auto-ingested from Bonfire: TDCJ (TX Dept. of Criminal Justice) feed; verify details at the source; relevance=REJECT,medium,triage,source_verification_pending; specs_pending,,
bonfire-tdcj-tx-dept-of-criminal-justice-reference-iw254979-name-replacement-parts-for-new-holland-bd08db,watching,Bonfire: TDCJ (TX Dept. of Criminal Justice),,,Reference #: IW254979. Name: Replacement Parts for New Holland,https://tdcj.bonfirehub.com/opportunities/240006,2026-06-18,,,,,,,0,,no mattress/bedding signal,,2026-07-02,2026-07-02,Auto-ingested from Bonfire: TDCJ (TX Dept. of Criminal Justice) feed; verify details at the source; relevance=REJECT,medium,triage,source_verification_pending; specs_pending,,
bonfire-tdcj-tx-dept-of-criminal-justice-reference-iw255700-name-pest-control-bcl-training-center-744668,watching,Bonfire: TDCJ (TX Dept. of Criminal Justice),,,Reference #: IW255700. Name: Pest Control BCL Training Center,https://tdcj.bonfirehub.com/opportunities/240555,2026-06-16,,,,,,,0,,no mattress/bedding signal,,2026-07-02,2026-07-02,Auto-ingested from Bonfire: TDCJ (TX Dept. of Criminal Justice) feed; verify details at the source; relevance=REJECT,medium,triage,source_verification_pending; specs_pending,,
bonfire-tdcj-tx-dept-of-criminal-justice-reference-iw255711-name-pest-control-lindsey-unit-8e962d,watching,Bonfire: TDCJ (TX Dept. of Criminal Justice),,,Reference #: IW255711. Name: Pest Control Lindsey Unit,https://tdcj.bonfirehub.com/opportunities/240574,2026-06-16,,,,,,,0,,no mattress/bedding signal,,2026-07-02,2026-07-02,Auto-ingested from Bonfire: TDCJ (TX Dept. of Criminal Justice) feed; verify details at the source; relevance=REJECT,medium,triage,source_verification_pending; specs_pending,,
bonfire-tdcj-tx-dept-of-criminal-justice-reference-iw251848-name-pest-control-services-plane-state-jail-66de61,watching,Bonfire: TDCJ (TX Dept. of Criminal Justice),,,Reference #: IW251848. Name: Pest Control Services Plane State Jail,https://tdcj.bonfirehub.com/opportunities/240642,2026-06-16,,,,,,,0,,no mattress/bedding signal,,2026-07-02,2026-07-02,Auto-ingested from Bonfire: TDCJ (TX Dept. of Criminal Justice) feed; verify details at the source; relevance=REJECT,medium,triage,source_verification_pending; specs_pending,,
bonfire-tdcj-tx-dept-of-criminal-justice-reference-iw255041-name-cleveland-durapan-tilt-skillet-319b31,watching,Bonfire: TDCJ (TX Dept. of Criminal Justice),,,Reference #: IW255041. Name: Cleveland Durapan tilt skillet,https://tdcj.bonfirehub.com/opportunities/241113,2026-06-22,,,,,,,0,,no mattress/bedding signal,,2026-07-02,2026-07-02,Auto-ingested from Bonfire: TDCJ (TX Dept. of Criminal Justice) feed; verify details at the source; relevance=REJECT,medium,triage,source_verification_pending; specs_pending,,
bonfire-tdcj-tx-dept-of-criminal-justice-reference-iw250967-name-tdcj-bridgeport-trash-services-96b923,watching,Bonfire: TDCJ (TX Dept. of Criminal Justice),,,Reference #: IW250967. Name: TDCJ Bridgeport Trash Services,https://tdcj.bonfirehub.com/opportunities/241009,2026-06-24,,,,,,,0,,no mattress/bedding signal,,2026-07-02,2026-07-02,Auto-ingested from Bonfire: TDCJ (TX Dept. of Criminal Justice) feed; verify details at the source; relevance=REJECT,medium,triage,source_verification_pending; specs_pending,,
bonfire-tdcj-tx-dept-of-criminal-justice-reference-iw252542-name-teabags-8f3eb2,watching,Bonfire: TDCJ (TX Dept. of Criminal Justice),,,Reference #: IW252542. Name: Teabags,https://tdcj.bonfirehub.com/opportunities/240091,2026-06-17,,,,,,,0,,no mattress/bedding signal,,2026-07-02,2026-07-02,Auto-ingested from Bonfire: TDCJ (TX Dept. of Criminal Justice) feed; verify details at the source; relevance=REJECT,medium,triage,source_verification_pending; specs_pending,,
bonfire-tdcj-tx-dept-of-criminal-justice-reference-iw256482-name-tapered-broom-handles-iw256482-93f316,watching,Bonfire: TDCJ (TX Dept. of Criminal Justice),,,Reference #: IW256482. Name: Tapered Broom Handles - IW256482,https://tdcj.bonfirehub.com/opportunities/241488,2026-06-25,,,,,,,0,,no mattress/bedding signal,,2026-07-02,2026-07-02,Auto-ingested from Bonfire: TDCJ (TX Dept. of Criminal Justice) feed; verify details at the source; relevance=REJECT,medium,triage,source_verification_pending; specs_pending,,
bonfire-tdcj-tx-dept-of-criminal-justice-reference-iw256210-name-pest-control-dalby-447647,watching,Bonfire: TDCJ (TX Dept. of Criminal Justice),,,Reference #: IW256210. Name: Pest Control Dalby,https://tdcj.bonfirehub.com/opportunities/241110,2026-06-23,,,,,,,0,,no mattress/bedding signal,,2026-07-02,2026-07-02,Auto-ingested from Bonfire: TDCJ (TX Dept. of Criminal Justice) feed; verify details at the source; relevance=REJECT,medium,triage,source_verification_pending; specs_pending,,
bonfire-tdcj-tx-dept-of-criminal-justice-reference-iw256229-name-pest-control-coleman-unit-527d4f,watching,Bonfire: TDCJ (TX Dept. of Criminal Justice),,,Reference #: IW256229. Name: Pest Control Coleman Unit,https://tdcj.bonfirehub.com/opportunities/241139,2026-06-23,,,,,,,0,,no mattress/bedding signal,,2026-07-02,2026-07-02,Auto-ingested from Bonfire: TDCJ (TX Dept. of Criminal Justice) feed; verify details at the source; relevance=REJECT,medium,triage,source_verification_pending; specs_pending,,
bonfire-tdcj-tx-dept-of-criminal-justice-reference-iw255068-name-tdcj-b-moore-refrigerated-storage-container-d1ad86,watching,Bonfire: TDCJ (TX Dept. of Criminal Justice),,,Reference #: IW255068. Name: TDCJ B Moore Refrigerated Storage Container,https://tdcj.bonfirehub.com/opportunities/241397,2026-06-25,,,,,,,0,,no mattress/bedding signal,,2026-07-02,2026-07-02,Auto-ingested from Bonfire: TDCJ (TX Dept. of Criminal Justice) feed; verify details at the source; relevance=REJECT,medium,triage,source_verification_pending; specs_pending,,
bonfire-tdcj-tx-dept-of-criminal-justice-reference-iw256517-name-duck-canvas-flags-iw256517-8c4da3,watching,Bonfire: TDCJ (TX Dept. of Criminal Justice),,,Reference #: IW256517. Name: Duck Canvas (Flags) - IW256517,https://tdcj.bonfirehub.com/opportunities/241510,2026-06-25,,,,,,,0,,no mattress/bedding signal,,2026-07-02,2026-07-02,Auto-ingested from Bonfire: TDCJ (TX Dept. of Criminal Justice) feed; verify details at the source; relevance=REJECT,medium,triage,source_verification_pending; specs_pending,,
bonfire-tdcj-tx-dept-of-criminal-justice-reference-iw251118-name-kubota-oem-parts-ffc448,watching,Bonfire: TDCJ (TX Dept. of Criminal Justice),,,Reference #: IW251118. Name: Kubota OEM Parts,https://tdcj.bonfirehub.com/opportunities/240148,2026-06-22,,,,,,,0,,no mattress/bedding signal,,2026-07-02,2026-07-02,Auto-ingested from Bonfire: TDCJ (TX Dept. of Criminal Justice) feed; verify details at the source; relevance=REJECT,medium,triage,source_verification_pending; specs_pending,,
bonfire-tdcj-tx-dept-of-criminal-justice-reference-iw254520-name-iw254520-mop-hardware-df0830,watching,Bonfire: TDCJ (TX Dept. of Criminal Justice),,,Reference #: IW254520. Name: IW254520 - Mop Hardware,https://tdcj.bonfirehub.com/opportunities/239486,2026-06-25,,,,,,,0,,no mattress/bedding signal,,2026-07-02,2026-07-02,Auto-ingested from Bonfire: TDCJ (TX Dept. of Criminal Justice) feed; verify details at the source; relevance=REJECT,medium,triage,source_verification_pending; specs_pending,,
bonfire-tdcj-tx-dept-of-criminal-justice-reference-iw255688-name-pest-control-gist-unit-df0745,watching,Bonfire: TDCJ (TX Dept. of Criminal Justice),,,Reference #: IW255688. Name: Pest Control Gist Unit,https://tdcj.bonfirehub.com/opportunities/241082,2026-06-23,,,,,,,0,,no mattress/bedding signal,,2026-07-02,2026-07-02,Auto-ingested from Bonfire: TDCJ (TX Dept. of Criminal Justice) feed; verify details at the source; relevance=REJECT,medium,triage,source_verification_pending; specs_pending,,
bonfire-tdcj-tx-dept-of-criminal-justice-reference-iw256807-name-tapered-broom-handles-iw256807-02ce87,watching,Bonfire: TDCJ (TX Dept. of Criminal Justice),,,Reference #: IW256807. Name: Tapered Broom Handles - IW256807,https://tdcj.bonfirehub.com/opportunities/241867,2026-06-26,,,,,,,0,,no mattress/bedding signal,,2026-07-02,2026-07-02,Auto-ingested from Bonfire: TDCJ (TX Dept. of Criminal Justice) feed; verify details at the source; relevance=REJECT,medium,triage,source_verification_pending; specs_pending,,
bonfire-tdcj-tx-dept-of-criminal-justice-reference-iw251087-name-fertilizer-plus-application-3615de,watching,Bonfire: TDCJ (TX Dept. of Criminal Justice),,,Reference #: IW251087. Name: Fertilizer plus Application,https://tdcj.bonfirehub.com/opportunities/242094,2026-06-25,,,,,,,0,,no mattress/bedding signal,,2026-07-02,2026-07-02,Auto-ingested from Bonfire: TDCJ (TX Dept. of Criminal Justice) feed; verify details at the source; relevance=REJECT,medium,triage,source_verification_pending; specs_pending,,
bonfire-tdcj-tx-dept-of-criminal-justice-reference-iw256389-name-assorted-paints-25e50e,watching,Bonfire: TDCJ (TX Dept. of Criminal Justice),,,Reference #: IW256389. Name: Assorted Paints,https://tdcj.bonfirehub.com/opportunities/241424,2026-06-29,,,,,,,0,,no mattress/bedding signal,,2026-07-02,2026-07-02,Auto-ingested from Bonfire: TDCJ (TX Dept. of Criminal Justice) feed; verify details at the source; relevance=REJECT,medium,triage,source_verification_pending; specs_pending,,
bonfire-tdcj-tx-dept-of-criminal-justice-reference-iw255054-name-tdcj-bell-unit-refrigerated-storage-container-6f1d96,watching,Bonfire: TDCJ (TX Dept. of Criminal Justice),,,Reference #: IW255054. Name: TDCJ Bell Unit Refrigerated Storage Container,https://tdcj.bonfirehub.com/opportunities/242005,2026-06-26,,,,,,,0,,no mattress/bedding signal,,2026-07-02,2026-07-02,Auto-ingested from Bonfire: TDCJ (TX Dept. of Criminal Justice) feed; verify details at the source; relevance=REJECT,medium,triage,source_verification_pending; specs_pending,,
bonfire-tdcj-tx-dept-of-criminal-justice-reference-iw255742-name-highlifts-86dbdc,watching,Bonfire: TDCJ (TX Dept. of Criminal Justice),,,Reference #: IW255742. Name: Highlifts,https://tdcj.bonfirehub.com/opportunities/241911,2026-06-24,,,,,,,0,,no mattress/bedding signal,,2026-07-02,2026-07-02,Auto-ingested from Bonfire: TDCJ (TX Dept. of Criminal Justice) feed; verify details at the source; relevance=REJECT,medium,triage,source_verification_pending; specs_pending,,
bonfire-tdcj-tx-dept-of-criminal-justice-reference-iw250291-name-automotive-paints-blanket-purchase-order-494fe8,watching,Bonfire: TDCJ (TX Dept. of Criminal Justice),,,Reference #: IW250291. Name: Automotive Paints Blanket Purchase Order,https://tdcj.bonfirehub.com/opportunities/241053,2026-06-29,,,,,,,0,,no mattress/bedding signal,,2026-07-02,2026-07-02,Auto-ingested from Bonfire: TDCJ (TX Dept. of Criminal Justice) feed; verify details at the source; relevance=REJECT,medium,triage,source_verification_pending; specs_pending,,
bonfire-tdcj-tx-dept-of-criminal-justice-reference-iw255157-name-tdcj-willacy-county-state-jail-refrigerated-c-cedd70,watching,Bonfire: TDCJ (TX Dept. of Criminal Justice),,,Reference #: IW255157. Name: TDCJ Willacy County State Jail Refrigerated Container,https://tdcj.bonfirehub.com/opportunities/242317,2026-06-29,,,,,,,0,,no mattress/bedding signal,,2026-07-02,2026-07-02,Auto-ingested from Bonfire: TDCJ (TX Dept. of Criminal Justice) feed; verify details at the source; relevance=REJECT,medium,triage,source_verification_pending; specs_pending,,
bonfire-tdcj-tx-dept-of-criminal-justice-reference-iw251098-a-name-kevlar-oven-mitts-45a22b,watching,Bonfire: TDCJ (TX Dept. of Criminal Justice),,,Reference #: IW251098 - A. Name: KEVLAR OVEN MITTS,https://tdcj.bonfirehub.com/opportunities/242030,2026-06-29,,,,,,,0,,no mattress/bedding signal,,2026-07-02,2026-07-02,Auto-ingested from Bonfire: TDCJ (TX Dept. of Criminal Justice) feed; verify details at the source; relevance=REJECT,medium,triage,source_verification_pending; specs_pending,,
bonfire-tdcj-tx-dept-of-criminal-justice-reference-iw256085-name-chair-kits-18256a,watching,Bonfire: TDCJ (TX Dept. of Criminal Justice),,,Reference #: IW256085. Name: Chair Kits,https://tdcj.bonfirehub.com/opportunities/241796,2026-06-29,,,,,,,0,,no mattress/bedding signal,,2026-07-02,2026-07-02,Auto-ingested from Bonfire: TDCJ (TX Dept. of Criminal Justice) feed; verify details at the source; relevance=REJECT,medium,triage,source_verification_pending; specs_pending,,
bonfire-tdcj-tx-dept-of-criminal-justice-reference-iw254357-name-installation-of-state-owned-padmount-transfor-da6a09,watching,Bonfire: TDCJ (TX Dept. of Criminal Justice),,,Reference #: IW254357. Name: Installation of State owned Padmount Transformer,https://tdcj.bonfirehub.com/opportunities/241520,2026-06-25,,,,,,,0,,no mattress/bedding signal,,2026-07-02,2026-07-02,Auto-ingested from Bonfire: TDCJ (TX Dept. of Criminal Justice) feed; verify details at the source; relevance=REJECT,medium,triage,source_verification_pending; specs_pending,,
bonfire-tdcj-tx-dept-of-criminal-justice-reference-iw254710-name-iw254710-sodium-methyl-cocoyl-taurate-5dc310,watching,Bonfire: TDCJ (TX Dept. of Criminal Justice),,,Reference #: IW254710. Name: IW254710 Sodium Methyl Cocoyl Taurate,https://tdcj.bonfirehub.com/opportunities/239637,2026-07-01,,,,,,,0,,no mattress/bedding signal,,2026-07-02,2026-07-02,Auto-ingested from Bonfire: TDCJ (TX Dept. of Criminal Justice) feed; verify details at the source; relevance=REJECT,medium,triage,source_verification_pending; specs_pending,,
bonfire-tdcj-tx-dept-of-criminal-justice-reference-iw253974-name-shoe-thread-iw253974-947f03,watching,Bonfire: TDCJ (TX Dept. of Criminal Justice),,,Reference #: IW253974. Name: Shoe Thread - IW253974,https://tdcj.bonfirehub.com/opportunities/242125,2026-07-01,,,,,,,0,,no mattress/bedding signal,,2026-07-02,2026-07-02,Auto-ingested from Bonfire: TDCJ (TX Dept. of Criminal Justice) feed; verify details at the source; relevance=REJECT,medium,triage,source_verification_pending; specs_pending,,
bonfire-tdcj-tx-dept-of-criminal-justice-reference-01-iw252684-a-name-checkweighter-3fb7df,watching,Bonfire: TDCJ (TX Dept. of Criminal Justice),,,Reference #: 01. IW252684-A. Name: Checkweighter,https://tdcj.bonfirehub.com/opportunities/242525,2026-06-29,,,,,,,0,,no mattress/bedding signal,,2026-07-02,2026-07-02,Auto-ingested from Bonfire: TDCJ (TX Dept. of Criminal Justice) feed; verify details at the source; relevance=REJECT,medium,triage,source_verification_pending; specs_pending,,
bonfire-tdcj-tx-dept-of-criminal-justice-reference-iw255164-name-tdcj-kyle-unit-refrigerated-container-a0497c,watching,Bonfire: TDCJ (TX Dept. of Criminal Justice),,,Reference #: IW255164. Name: TDCJ Kyle Unit Refrigerated Container,https://tdcj.bonfirehub.com/opportunities/242582,2026-06-30,,,,,,,0,,no mattress/bedding signal,,2026-07-02,2026-07-02,Auto-ingested from Bonfire: TDCJ (TX Dept. of Criminal Justice) feed; verify details at the source; relevance=REJECT,medium,triage,source_verification_pending; specs_pending,,
bonfire-tdcj-tx-dept-of-criminal-justice-reference-iw256684-name-polo-shirts-6af617,watching,Bonfire: TDCJ (TX Dept. of Criminal Justice),,,Reference #: IW256684. Name: Polo Shirts,https://tdcj.bonfirehub.com/opportunities/241844,2026-06-29,,,,,,,0,,no mattress/bedding signal,,2026-07-02,2026-07-02,Auto-ingested from Bonfire: TDCJ (TX Dept. of Criminal Justice) feed; verify details at the source; relevance=REJECT,medium,triage,source_verification_pending; specs_pending,,
bonfire-tdcj-tx-dept-of-criminal-justice-reference-iw256901-name-derrick-digger-7b51b4,watching,Bonfire: TDCJ (TX Dept. of Criminal Justice),,,Reference #: IW256901. Name: Derrick Digger,https://tdcj.bonfirehub.com/opportunities/242872,2026-07-01,,,,,,,0,,no mattress/bedding signal,,2026-07-02,2026-07-02,Auto-ingested from Bonfire: TDCJ (TX Dept. of Criminal Justice) feed; verify details at the source; relevance=REJECT,medium,triage,source_verification_pending; specs_pending,,
bonfire-tdcj-tx-dept-of-criminal-justice-reference-696-fd-26-p022a-name-lopez-unit-install-hvac-ih-cadfc2,watching,Bonfire: TDCJ (TX Dept. of Criminal Justice),,,Reference #: 696-FD-26-P022A. Name: Lopez Unit - Install HVAC IH,https://tdcj.bonfirehub.com/opportunities/239701,2026-06-11,,,,,,,0,,no mattress/bedding signal,,2026-07-02,2026-07-02,Auto-ingested from Bonfire: TDCJ (TX Dept. of Criminal Justice) feed; verify details at the source; relevance=REJECT,medium,triage,source_verification_pending; specs_pending,,
bonfire-tdcj-tx-dept-of-criminal-justice-reference-iw251187-name-acuron-liquid-herbicide-3ebd1e,watching,Bonfire: TDCJ (TX Dept. of Criminal Justice),,,"Reference #: IW251187. Name: Acuron, Liquid Herbicide",https://tdcj.bonfirehub.com/opportunities/242171,2026-06-29,,,,,,,0,,no mattress/bedding signal,,2026-07-02,2026-07-02,Auto-ingested from Bonfire: TDCJ (TX Dept. of Criminal Justice) feed; verify details at the source; relevance=REJECT,medium,triage,source_verification_pending; specs_pending,,
bonfire-tdcj-tx-dept-of-criminal-justice-reference-696-ag-26-p023-name-deforestation-91d60e,watching,Bonfire: TDCJ (TX Dept. of Criminal Justice),,,Reference #: 696-AG-26-P023. Name: Deforestation,https://tdcj.bonfirehub.com/opportunities/236569,2026-06-01,,,,,,,0,,no mattress/bedding signal,,2026-07-02,2026-07-02,Auto-ingested from Bonfire: TDCJ (TX Dept. of Criminal Justice) feed; verify details at the source; relevance=REJECT,medium,triage,source_verification_pending; specs_pending,,
bonfire-tdcj-tx-dept-of-criminal-justice-reference-iw254009-name-row-crops-tractor-rental-734409,watching,Bonfire: TDCJ (TX Dept. of Criminal Justice),,,Reference #: IW254009. Name: Row Crops Tractor Rental,https://tdcj.bonfirehub.com/opportunities/242175,2026-07-02,,,,,,,0,,no mattress/bedding signal,,2026-07-02,2026-07-02,Auto-ingested from Bonfire: TDCJ (TX Dept. of Criminal Justice) feed; verify details at the source; relevance=REJECT,medium,triage,source_verification_pending; specs_pending,,
bonfire-tdcj-tx-dept-of-criminal-justice-reference-iw256127-name-tdcj-region-v-two-20-hvac-trailer-mounted-uni-13f2f1,watching,Bonfire: TDCJ (TX Dept. of Criminal Justice),,,Reference #: IW256127. Name: TDCJ-REGION V-TWO-20-HVAC TRAILER MOUNTED UNITS,https://tdcj.bonfirehub.com/opportunities/242709,2026-06-30,,,,,,,0,,no mattress/bedding signal,,2026-07-02,2026-07-02,Auto-ingested from Bonfire: TDCJ (TX Dept. of Criminal Justice) feed; verify details at the source; relevance=REJECT,medium,triage,source_verification_pending; specs_pending,,
bonfire-tdcj-tx-dept-of-criminal-justice-reference-iw256119-name-tdcj-region-vi-two-20-ton-hvac-trailer-mounte-222570,watching,Bonfire: TDCJ (TX Dept. of Criminal Justice),,,Reference #: IW256119. Name: TDCJ-REGION VI-TWO-20-TON HVAC TRAILER MOUNTED UNITS,https://tdcj.bonfirehub.com/opportunities/242696,2026-06-30,,,,,,,0,,no mattress/bedding signal,,2026-07-02,2026-07-02,Auto-ingested from Bonfire: TDCJ (TX Dept. of Criminal Justice) feed; verify details at the source; relevance=REJECT,medium,triage,source_verification_pending; specs_pending,,
bonfire-tdcj-tx-dept-of-criminal-justice-reference-iw256161-name-tdcj-region-1-two-20-ton-hvac-trailer-mounted-562296,watching,Bonfire: TDCJ (TX Dept. of Criminal Justice),,,Reference #: IW256161. Name: TDCJ-REGION 1-TWO-20-TON HVAC TRAILER MOUNTED UNITS,https://tdcj.bonfirehub.com/opportunities/242718,2026-06-30,,,,,,,0,,no mattress/bedding signal,,2026-07-02,2026-07-02,Auto-ingested from Bonfire: TDCJ (TX Dept. of Criminal Justice) feed; verify details at the source; relevance=REJECT,medium,triage,source_verification_pending; specs_pending,,
bonfire-tdcj-tx-dept-of-criminal-justice-reference-iw255857-name-tdcj-region-iv-two-20-ton-hvac-trailer-mounte-e5227b,watching,Bonfire: TDCJ (TX Dept. of Criminal Justice),,,Reference #: IW255857. Name: TDCJ-REGION IV-TWO-20-TON HVAC TRAILER MOUNTED UNIT,https://tdcj.bonfirehub.com/opportunities/242672,2026-06-30,,,,,,,0,,no mattress/bedding signal,,2026-07-02,2026-07-02,Auto-ingested from Bonfire: TDCJ (TX Dept. of Criminal Justice) feed; verify details at the source; relevance=REJECT,medium,triage,source_verification_pending; specs_pending,,
bonfire-tdcj-tx-dept-of-criminal-justice-reference-iw256151-name-tdcj-region-ii-two-20-ton-hvac-trailer-mounte-5b9913,watching,Bonfire: TDCJ (TX Dept. of Criminal Justice),,,Reference #: IW256151. Name: TDCJ-REGION II-TWO-20-TON HVAC TRAILER MOUNTED UNITS,https://tdcj.bonfirehub.com/opportunities/242724,2026-06-30,,,,,,,0,,no mattress/bedding signal,,2026-07-02,2026-07-02,Auto-ingested from Bonfire: TDCJ (TX Dept. of Criminal Justice) feed; verify details at the source; relevance=REJECT,medium,triage,source_verification_pending; specs_pending,,
bonfire-tdcj-tx-dept-of-criminal-justice-reference-iw256143-name-tdcj-region-iii-two-20-ton-hvac-trailer-mount-c72f99,watching,Bonfire: TDCJ (TX Dept. of Criminal Justice),,,Reference #: IW256143. Name: TDCJ-REGION III-TWO-20-TON HVAC TRAILER MOUNTED UNITS,https://tdcj.bonfirehub.com/opportunities/242732,2026-06-30,,,,,,,0,,no mattress/bedding signal,,2026-07-02,2026-07-02,Auto-ingested from Bonfire: TDCJ (TX Dept. of Criminal Justice) feed; verify details at the source; relevance=REJECT,medium,triage,source_verification_pending; specs_pending,,
bonfire-tdcj-tx-dept-of-criminal-justice-reference-iw257699-name-green-nitrile-gloves-ca9be0,watching,Bonfire: TDCJ (TX Dept. of Criminal Justice),,,Reference #: IW257699. Name: Green Nitrile Gloves,https://tdcj.bonfirehub.com/opportunities/242981,2026-07-01,,,,,,,0,,no mattress/bedding signal,,2026-07-02,2026-07-02,Auto-ingested from Bonfire: TDCJ (TX Dept. of Criminal Justice) feed; verify details at the source; relevance=REJECT,medium,triage,source_verification_pending; specs_pending,,
bonfire-tdcj-tx-dept-of-criminal-justice-reference-iw253062-name-tdcj-gist-unit-procurement-of-hvac-parts-and--9c782e,watching,Bonfire: TDCJ (TX Dept. of Criminal Justice),,,Reference #: IW253062. Name: TDCJ - Gist Unit - Procurement of HVAC Parts and Accessories,https://tdcj.bonfirehub.com/opportunities/241970,2026-06-30,,,,,,,0,,no mattress/bedding signal,,2026-07-02,2026-07-02,Auto-ingested from Bonfire: TDCJ (TX Dept. of Criminal Justice) feed; verify details at the source; relevance=REJECT,medium,triage,source_verification_pending; specs_pending,,
bonfire-tdcj-tx-dept-of-criminal-justice-reference-iw253061-name-tdcj-mechler-unit-procurement-of-15-ton-hvac--8318a0,watching,Bonfire: TDCJ (TX Dept. of Criminal Justice),,,Reference #: IW253061. Name: TDCJ - Mechler Unit - Procurement of 15 Ton HVAC Unit,https://tdcj.bonfirehub.com/opportunities/241951,2026-06-30,,,,,,,0,,no mattress/bedding signal,,2026-07-02,2026-07-02,Auto-ingested from Bonfire: TDCJ (TX Dept. of Criminal Justice) feed; verify details at the source; relevance=REJECT,medium,triage,source_verification_pending; specs_pending,,
bonfire-tdcj-tx-dept-of-criminal-justice-reference-696-fd-26-p007-name-wainwright-wastewater-treatment-plant-7d18dd,watching,Bonfire: TDCJ (TX Dept. of Criminal Justice),,,Reference #: 696-FD-26-P007. Name: Wainwright Wastewater Treatment Plant,https://tdcj.bonfirehub.com/opportunities/215000,2026-05-15,,,,,,,0,,no mattress/bedding signal,,2026-07-02,2026-07-02,Auto-ingested from Bonfire: TDCJ (TX Dept. of Criminal Justice) feed; verify details at the source; relevance=REJECT,medium,triage,source_verification_pending; specs_pending,,
bonfire-tdcj-tx-dept-of-criminal-justice-reference-iw256644-name-tdcj-gist-unit-procurement-of-hvac-package-in-bf7587,watching,Bonfire: TDCJ (TX Dept. of Criminal Justice),,,Reference #: IW256644. Name: TDCJ - Gist Unit - Procurement of HVAC Package Installation,https://tdcj.bonfirehub.com/opportunities/242028,2026-06-30,,,,,,,0,,no mattress/bedding signal,,2026-07-02,2026-07-02,Auto-ingested from Bonfire: TDCJ (TX Dept. of Criminal Justice) feed; verify details at the source; relevance=REJECT,medium,triage,source_verification_pending; specs_pending,,
bonfire-dallas-housing-authority-reference-2026-23-name-plumbing-services-6f6422,watching,Bonfire: Dallas Housing Authority,,,Reference #: 2026-23. Name: Plumbing Services,https://dhantx.bonfirehub.com/opportunities/239856,2026-06-09,,,,,,,0,,no mattress/bedding signal,,2026-07-02,2026-07-02,Auto-ingested from Bonfire: Dallas Housing Authority feed; verify details at the source; relevance=REJECT,medium,triage,source_verification_pending; specs_pending,,
bonfire-dallas-housing-authority-reference-2026-24-name-on-call-physical-needs-assessment-and-due-diligence-co-23d173,watching,Bonfire: Dallas Housing Authority,,,Reference #: 2026-24. Name: On-Call Physical Needs Assessment and Due Diligence Consulting Services,https://dhantx.bonfirehub.com/opportunities/242664,2026-07-01,,,,,,,0,,no mattress/bedding signal,,2026-07-02,2026-07-02,Auto-ingested from Bonfire: Dallas Housing Authority feed; verify details at the source; relevance=REJECT,medium,triage,source_verification_pending; specs_pending,,
bonfire-houston-community-college-reference-hcc-northeast-share-your-passion-for-wellness-name-hcc-northeast-w-82e08a,watching,Bonfire: Houston Community College,,,Reference #: HCC Northeast – Share Your Passion for Wellness!. Name: HCC Northeast - Wellness Professionals Needed,https://hccs.bonfirehub.com/opportunities/240835,2026-06-16,,,,,,,0,,no mattress/bedding signal,,2026-07-02,2026-07-02,Auto-ingested from Bonfire: Houston Community College feed; verify details at the source; relevance=REJECT,medium,triage,source_verification_pending; specs_pending,,
bonfire-houston-community-college-reference-rfquote-26-08-coop-name-rfquote-coop-welding-lab-exhaust-fan-proje-1039c5,watching,Bonfire: Houston Community College,,,"Reference #: RFQuote 26-08 (COOP). Name: RFQuote Coop Welding Lab Exhaust Fan Project, Southeast Campus",https://hccs.bonfirehub.com/opportunities/240946,2026-06-16,,,,,,,0,,no mattress/bedding signal,,2026-07-02,2026-07-02,Auto-ingested from Bonfire: Houston Community College feed; verify details at the source; relevance=REJECT,medium,triage,source_verification_pending; specs_pending,,
bonfire-houston-community-college-reference-hcc-northeast-codwell-hall-art-gallery-share-your-passion-for-the--dba097,watching,Bonfire: Houston Community College,,,Reference #: HCC Northeast Codwell Hall Art Gallery – Share Your Passion for the Arts! VOLUNTEERS NEEDED. Name: HCC Northeast Codwell Hall Art Gallery – Share Your Passion for the Arts! VOLUNTEERS NEEDED,https://hccs.bonfirehub.com/opportunities/240856,2026-06-16,,,,,,,0,,no mattress/bedding signal,,2026-07-02,2026-07-02,Auto-ingested from Bonfire: Houston Community College feed; verify details at the source; relevance=REJECT,medium,triage,source_verification_pending; specs_pending,,
bonfire-tarrant-county-college-reference-rfp-26-009-name-rfp-26-009-promotional-items-719cd4,watching,Bonfire: Tarrant County College,,,Reference #: RFP# 26-009. Name: RFP# 26-009 Promotional Items,https://tccd.bonfirehub.com/opportunities/239265,2026-06-12,,,,,,,0,,no mattress/bedding signal,,2026-07-02,2026-07-02,Auto-ingested from Bonfire: Tarrant County College feed; verify details at the source; relevance=REJECT,medium,triage,source_verification_pending; specs_pending,,
bonfire-tarrant-county-college-reference-rfp-26-012-name-stec-simulated-clean-room-at-tcc-south-campus-a24c62,watching,Bonfire: Tarrant County College,,,Reference #: RFP #26-012. Name: STEC Simulated Clean Room at TCC South Campus,https://tccd.bonfirehub.com/opportunities/238457,2026-05-28,,,,,,,0,,no mattress/bedding signal,,2026-07-02,2026-07-02,Auto-ingested from Bonfire: Tarrant County College feed; verify details at the source; relevance=REJECT,medium,triage,source_verification_pending; specs_pending,,
bonfire-city-of-fort-worth-reference-26-0211-name-rfp-residential-plumbing-services-ddb7a1,watching,Bonfire: City of Fort Worth,,,Reference #: 26-0211. Name: RFP Residential Plumbing Services,https://fortworthtexas.bonfirehub.com/opportunities/237015,2026-06-08,,,,,,,0,,no mattress/bedding signal,,2026-07-02,2026-07-02,Auto-ingested from Bonfire: City of Fort Worth feed; verify details at the source; relevance=REJECT,medium,triage,source_verification_pending; specs_pending,,
bonfire-city-of-fort-worth-reference-26-0214-name-rfp-window-washing-services-ab02d9,watching,Bonfire: City of Fort Worth,,,Reference #: 26-0214. Name: RFP Window Washing Services,https://fortworthtexas.bonfirehub.com/opportunities/237904,2026-06-12,,,,,,,0,,no mattress/bedding signal,,2026-07-02,2026-07-02,Auto-ingested from Bonfire: City of Fort Worth feed; verify details at the source; relevance=REJECT,medium,triage,source_verification_pending; specs_pending,,
bonfire-city-of-fort-worth-reference-26-0218-name-pw-cpn-102787-water-and-sanitary-sewer-rehabilitation-contra-c778e6,watching,Bonfire: City of Fort Worth,,,Reference #: 26-0218. Name: PW - CPN 102787 - Water and Sanitary Sewer Rehabilitation Contract 116,https://fortworthtexas.bonfirehub.com/opportunities/238646,2026-06-03,,,,,,,0,,no mattress/bedding signal,,2026-07-02,2026-07-02,Auto-ingested from Bonfire: City of Fort Worth feed; verify details at the source; relevance=REJECT,medium,triage,source_verification_pending; specs_pending,,
bonfire-city-of-fort-worth-reference-26-0195-name-pw-csp-c01239-mary-s-creek-water-reclamation-facility-48dea3,watching,Bonfire: City of Fort Worth,,,Reference #: 26-0195. Name: PW CSP - C01239 - Mary's Creek Water Reclamation Facility,https://fortworthtexas.bonfirehub.com/opportunities/232699,2026-04-29,,,,,,,0,,no mattress/bedding signal,,2026-07-02,2026-07-02,Auto-ingested from Bonfire: City of Fort Worth feed; verify details at the source; relevance=REJECT,medium,triage,source_verification_pending; specs_pending,,
bonfire-city-of-fort-worth-reference-26-0209-name-rfp-standard-workwear-dd56da,watching,Bonfire: City of Fort Worth,,,Reference #: 26-0209. Name: RFP Standard Workwear,https://fortworthtexas.bonfirehub.com/opportunities/236506,2026-06-03,,,,,,,0,,no mattress/bedding signal,,2026-07-02,2026-07-02,Auto-ingested from Bonfire: City of Fort Worth feed; verify details at the source; relevance=REJECT,medium,triage,source_verification_pending; specs_pending,,
bonfire-city-of-fort-worth-reference-26-0219-name-pw-105114-1-part-1-northside-iv-water-transmission-main-phas-6879b3,watching,Bonfire: City of Fort Worth,,,"Reference #: 26-0219. Name: PW - 105114-1 - Part 1 - Northside IV Water Transmission Main, Phase 1 C- Segment 1 and Part 2 - Northside III-Phase III- 54-inch Water Transmission Main",https://fortworthtexas.bonfirehub.com/opportunities/238784,2026-06-03,,,,,,,0,,no mattress/bedding signal,,2026-07-02,2026-07-02,Auto-ingested from Bonfire: City of Fort Worth feed; verify details at the source; relevance=REJECT,medium,triage,source_verification_pending; specs_pending,,
bonfire-city-of-fort-worth-reference-26-0220-name-pw-cpn-100997-1-sanitary-sewer-m-245-parallel-relief-pipelin-fd352f,watching,Bonfire: City of Fort Worth,,,Reference #: 26-0220. Name: PW - CPN 100997-1 - Sanitary Sewer M-245 Parallel Relief Pipeline Part 1,https://fortworthtexas.bonfirehub.com/opportunities/238800,2026-06-03,,,,,,,0,,no mattress/bedding signal,,2026-07-02,2026-07-02,Auto-ingested from Bonfire: City of Fort Worth feed; verify details at the source; relevance=REJECT,medium,triage,source_verification_pending; specs_pending,,
bonfire-city-of-fort-worth-reference-26-0242-name-pw-northside-drive-hrom-city-project-no-106170-ddb4d5,watching,Bonfire: City of Fort Worth,,,Reference #: 26-0242. Name: PW Northside Drive HROM City Project No. 106170,https://fortworthtexas.bonfirehub.com/opportunities/240811,2026-06-17,,,,,,,0,,no mattress/bedding signal,,2026-07-02,2026-07-02,Auto-ingested from Bonfire: City of Fort Worth feed; verify details at the source; relevance=REJECT,medium,triage,source_verification_pending; specs_pending,,
bonfire-city-of-fort-worth-reference-26-0246-name-pw-2027-concrete-restoration-contract-3-city-project-no-1068-d067c5,watching,Bonfire: City of Fort Worth,,,"Reference #: 26-0246. Name: PW 2027 Concrete Restoration Contract 3, City Project No. 106806",https://fortworthtexas.bonfirehub.com/opportunities/240982,2026-06-17,,,,,,,0,,no mattress/bedding signal,,2026-07-02,2026-07-02,Auto-ingested from Bonfire: City of Fort Worth feed; verify details at the source; relevance=REJECT,medium,triage,source_verification_pending; specs_pending,,
bonfire-city-of-fort-worth-reference-26-0249-name-rfq-2027-transportation-impact-fees-financial-audit-0540b9,watching,Bonfire: City of Fort Worth,,,Reference #: 26-0249. Name: RFQ 2027 Transportation Impact Fees Financial Audit,https://fortworthtexas.bonfirehub.com/opportunities/241807,2026-06-24,,,,,,,0,,no mattress/bedding signal,,2026-07-02,2026-07-02,Auto-ingested from Bonfire: City of Fort Worth feed; verify details at the source; relevance=REJECT,medium,triage,source_verification_pending; specs_pending,,
bonfire-city-of-fort-worth-reference-26-0213-name-pw-university-drive-improvements-city-project-number-102497-8e5f32,watching,Bonfire: City of Fort Worth,,,Reference #: 26-0213. Name: PW University Drive Improvements City Project Number: 102497,https://fortworthtexas.bonfirehub.com/opportunities/237794,2026-06-03,,,,,,,0,,no mattress/bedding signal,,2026-07-02,2026-07-02,Auto-ingested from Bonfire: City of Fort Worth feed; verify details at the source; relevance=REJECT,medium,triage,source_verification_pending; specs_pending,,
bonfire-city-of-fort-worth-reference-26-0222-name-rfp-aluminum-iron-rebar-and-steel-904452,watching,Bonfire: City of Fort Worth,,,"Reference #: 26-0222. Name: RFP Aluminum, Iron, Rebar, and Steel",https://fortworthtexas.bonfirehub.com/opportunities/238896,2026-06-24,,,,,,,0,,no mattress/bedding signal,,2026-07-02,2026-07-02,Auto-ingested from Bonfire: City of Fort Worth feed; verify details at the source; relevance=REJECT,medium,triage,source_verification_pending; specs_pending,,
bonfire-city-of-fort-worth-reference-26-0223-name-flooring-materials-installation-and-services-4a0f2c,watching,Bonfire: City of Fort Worth,,,"Reference #: 26-0223. Name: Flooring Materials, Installation, and Services",https://fortworthtexas.bonfirehub.com/opportunities/238901,2026-06-24,,,,,,,0,,no mattress/bedding signal,,2026-07-02,2026-07-02,Auto-ingested from Bonfire: City of Fort Worth feed; verify details at the source; relevance=REJECT,medium,triage,source_verification_pending; specs_pending,,
bonfire-city-of-fort-worth-reference-26-0226-name-rfp-filter-media-ed0496,watching,Bonfire: City of Fort Worth,,,Reference #: 26-0226. Name: RFP Filter Media,https://fortworthtexas.bonfirehub.com/opportunities/239269,2026-06-30,,,,,,,0,,no mattress/bedding signal,,2026-07-02,2026-07-02,Auto-ingested from Bonfire: City of Fort Worth feed; verify details at the source; relevance=REJECT,medium,triage,source_verification_pending; specs_pending,,
bonfire-city-of-fort-worth-reference-26-0169-name-pw-gate-1-turn-lane-city-project-no-104125-eeba49,watching,Bonfire: City of Fort Worth,,,"Reference #: 26-0169. Name: PW Gate 1 Turn Lane, City Project No. 104125",https://fortworthtexas.bonfirehub.com/opportunities/229242,2026-04-01,,,,,,,0,,no mattress/bedding signal,,2026-07-02,2026-07-02,Auto-ingested from Bonfire: City of Fort Worth feed; verify details at the source; relevance=REJECT,medium,triage,source_verification_pending; specs_pending,,
bonfire-city-of-fort-worth-reference-26-0248-name-pw-104940-4-northside-iii-phase-iv-54-inch-water-transmissio-9817e4,watching,Bonfire: City of Fort Worth,,,Reference #: 26-0248. Name: PW - 104940-4 - Northside III - Phase IV- 54 inch Water Transmission Main,https://fortworthtexas.bonfirehub.com/opportunities/241725,2026-06-24,,,,,,,0,,no mattress/bedding signal,,2026-07-02,2026-07-02,Auto-ingested from Bonfire: City of Fort Worth feed; verify details at the source; relevance=REJECT,medium,triage,source_verification_pending; specs_pending,,
bonfire-city-of-fort-worth-reference-26-0252-name-pmd-job-order-contract-1722c0,watching,Bonfire: City of Fort Worth,,,Reference #: 26-0252. Name: PMD Job Order Contract,https://fortworthtexas.bonfirehub.com/opportunities/242236,2026-06-26,,,,,,,0,,no mattress/bedding signal,,2026-07-02,2026-07-02,Auto-ingested from Bonfire: City of Fort Worth feed; verify details at the source; relevance=REJECT,medium,triage,source_verification_pending; specs_pending,,
bonfire-city-of-fort-worth-reference-26-0086-name-site-development-adjacent-to-casino-beach-park-69e2c6,watching,Bonfire: City of Fort Worth,,,Reference #: 26-0086. Name: Site Development Adjacent to Casino Beach Park,https://fortworthtexas.bonfirehub.com/opportunities/216715,2026-01-09,,,,,,,0,,no mattress/bedding signal,,2026-07-02,2026-07-02,Auto-ingested from Bonfire: City of Fort Worth feed; verify details at the source; relevance=REJECT,medium,triage,source_verification_pending; specs_pending,,
bonfire-city-of-dallas-reference-ifs-dwu-b1800005-name-purchase-of-cartridge-split-mechanical-seal-218319-65f359,watching,Bonfire: City of Dallas,,,Reference #: IFS DWU B1800005. Name: Purchase of Cartridge Split Mechanical Seal - *218319,https://dallascityhall.bonfirehub.com/opportunities/241641,2026-06-23,,,,,,,0,,no mattress/bedding signal,,2026-07-02,2026-07-02,Auto-ingested from Bonfire: City of Dallas feed; verify details at the source; relevance=REJECT,medium,triage,source_verification_pending; specs_pending,,
bonfire-city-of-dallas-reference-ifs-dwu-b1800007-name-purchase-of-office-electrical-road-water-supply-and-han-b8a7db,watching,Bonfire: City of Dallas,,,"Reference #: IFS  DWU B1800007. Name: Purchase of Office, Electrical, Road, Water supply, and Hand Tool Equipment, Accessories, and Supplies. - *218588",https://dallascityhall.bonfirehub.com/opportunities/242129,2026-06-29,,,,,,,0,,no mattress/bedding signal,,2026-07-02,2026-07-02,Auto-ingested from Bonfire: City of Dallas feed; verify details at the source; relevance=REJECT,medium,triage,source_verification_pending; specs_pending,,
bonfire-city-of-dallas-reference-ifs-dwu-b700002-name-purchase-of-filter-pads-vacuum-gauge-fischer-porter-2182-c91027,watching,Bonfire: City of Dallas,,,"Reference #: IFS DWU B700002. Name: Purchase of Filter Pads, Vacuum Gauge, Fischer & Porter - *218295",https://dallascityhall.bonfirehub.com/opportunities/241542,2026-06-22,,,,,,,0,,no mattress/bedding signal,,2026-07-02,2026-07-02,Auto-ingested from Bonfire: City of Dallas feed; verify details at the source; relevance=REJECT,medium,triage,source_verification_pending; specs_pending,,
bonfire-city-of-dallas-reference-ifs-dpd-b700003-name-purchase-of-fire-protection-equipment-and-supplies-21832-290c6a,watching,Bonfire: City of Dallas,,,Reference #: IFS DPD B700003. Name: Purchase of Fire Protection Equipment and Supplies - *218321,https://dallascityhall.bonfirehub.com/opportunities/242331,2026-06-26,,,,,,,0,,no mattress/bedding signal,,2026-07-02,2026-07-02,Auto-ingested from Bonfire: City of Dallas feed; verify details at the source; relevance=REJECT,medium,triage,source_verification_pending; specs_pending,,
bonfire-city-of-dallas-reference-ifs-dwu-b2300036-name-purchase-of-water-supply-groundwater-sewage-treatment-a-2a5ec2,watching,Bonfire: City of Dallas,,,"Reference #: IFS DWU B2300036. Name: Purchase of - WATER SUPPLY, GROUNDWATER, SEWAGE TREATMENT, AND RELATED EQUIPMENT *218658",https://dallascityhall.bonfirehub.com/opportunities/242922,2026-07-01,,,,,,,0,,no mattress/bedding signal,,2026-07-02,2026-07-02,Auto-ingested from Bonfire: City of Dallas feed; verify details at the source; relevance=REJECT,medium,triage,source_verification_pending; specs_pending,,
bonfire-city-of-dallas-reference-ifs-dwu-b2300035-name-purchase-of-boom-crane-certification-218863-487fa0,watching,Bonfire: City of Dallas,,,Reference #: IFS DWU B2300035. Name: Purchase of - Boom Crane Certification *218863,https://dallascityhall.bonfirehub.com/opportunities/242899,2026-07-01,,,,,,,0,,no mattress/bedding signal,,2026-07-02,2026-07-02,Auto-ingested from Bonfire: City of Dallas feed; verify details at the source; relevance=REJECT,medium,triage,source_verification_pending; specs_pending,,
bonfire-city-of-dallas-reference-ciz-dwu-26-225e-name-infrastructure-needs-assessment-for-martin-luther-king-s-0bf2f1,watching,Bonfire: City of Dallas,,,Reference #: CIZ-DWU-26 225E. Name: Infrastructure Needs Assessment for Martin Luther King Station Area,https://dallascityhall.bonfirehub.com/opportunities/236809,2026-06-04,,,,,,,0,,no mattress/bedding signal,,2026-07-02,2026-07-02,Auto-ingested from Bonfire: City of Dallas feed; verify details at the source; relevance=REJECT,medium,triage,source_verification_pending; specs_pending,,
bonfire-city-of-dallas-reference-ciz-dwu-26-019-name-eswtp-residuals-handling-improvements-phase-ii-f8eacd,watching,Bonfire: City of Dallas,,,Reference #: CIZ-DWU 26 019. Name: ESWTP RESIDUALS HANDLING IMPROVEMENTS PHASE II,https://dallascityhall.bonfirehub.com/opportunities/237232,2026-05-28,,,,,,,0,,no mattress/bedding signal,,2026-07-02,2026-07-02,Auto-ingested from Bonfire: City of Dallas feed; verify details at the source; relevance=REJECT,medium,triage,source_verification_pending; specs_pending,,
bonfire-city-of-dallas-reference-ciz-dwu-26-243-244-name-water-and-wastewater-main-replacements-at-various-loc-50d79a,watching,Bonfire: City of Dallas,,,Reference #: CIZ-DWU 26 243 244. Name: WATER AND WASTEWATER MAIN REPLACEMENTS AT VARIOUS LOCATIONS,https://dallascityhall.bonfirehub.com/opportunities/238653,2026-06-04,,,,,,,0,,no mattress/bedding signal,,2026-07-02,2026-07-02,Auto-ingested from Bonfire: City of Dallas feed; verify details at the source; relevance=REJECT,medium,triage,source_verification_pending; specs_pending,,
bonfire-city-of-dallas-reference-ciz26-tpw-4005-2026-on-call-paving-contract-name-ciz26-tpw-4005-2026-on-call--fb7b71,watching,Bonfire: City of Dallas,,,Reference #: CIZ26-TPW-4005 – 2026 On-Call Paving Contract. Name: CIZ26-TPW-4005 – 2026 On-Call Paving Contract,https://dallascityhall.bonfirehub.com/opportunities/239211,2026-06-04,,,,,,,0,,no mattress/bedding signal,,2026-07-02,2026-07-02,Auto-ingested from Bonfire: City of Dallas feed; verify details at the source; relevance=REJECT,medium,triage,source_verification_pending; specs_pending,,
bonfire-city-of-dallas-reference-ciz-dwu-26-203-204e-name-2026-assessment-master-planning-and-renovation-of-da-f6b612,watching,Bonfire: City of Dallas,,,"Reference #: CIZ-DWU-26 203/204E. Name: 2026 Assessment, Master Planning, and Renovation of Dallas Water Utilities Employee-Occupied Buildings and Office Spaces and Department of Sanitation Services Facilities at Southeast Service Center",https://dallascityhall.bonfirehub.com/opportunities/239949,2026-06-11,,,,,,,0,,no mattress/bedding signal,,2026-07-02,2026-07-02,Auto-ingested from Bonfire: City of Dallas feed; verify details at the source; relevance=REJECT,medium,triage,source_verification_pending; specs_pending,,
bonfire-city-of-dallas-reference-ifs-dwu-b1700032-name-purchase-of-bulk-bags-218793-9715fd,watching,Bonfire: City of Dallas,,,Reference #: IFS DWU B1700032. Name: Purchase of Bulk Bags *218793,https://dallascityhall.bonfirehub.com/opportunities/242791,2026-07-01,,,,,,,0,,no mattress/bedding signal,,2026-07-02,2026-07-02,Auto-ingested from Bonfire: City of Dallas feed; verify details at the source; relevance=REJECT,medium,triage,source_verification_pending; specs_pending,,
bonfire-city-of-dallas-reference-bdz26-00030152-name-cathodic-protection-system-surveys-inspections-e08699,watching,Bonfire: City of Dallas,,,Reference #: BDZ26-00030152. Name: Cathodic Protection System Surveys & Inspections,https://dallascityhall.bonfirehub.com/opportunities/234611,2026-05-14,,,,,,,0,,no mattress/bedding signal,,2026-07-02,2026-07-02,Auto-ingested from Bonfire: City of Dallas feed; verify details at the source; relevance=REJECT,medium,triage,source_verification_pending; specs_pending,,
bonfire-city-of-dallas-reference-ciz26-tpw-4004-name-bond-traffic-signal-construction-group-7-illinois-avenue--ac5025,watching,Bonfire: City of Dallas,,,Reference #: CIZ26-TPW-4004. Name: Bond Traffic Signal Construction – Group 7 – Illinois Avenue at Western Park & Wheatland Road at Greenspan Avenue,https://dallascityhall.bonfirehub.com/opportunities/241364,2026-06-25,,,,,,,0,,no mattress/bedding signal,,2026-07-02,2026-07-02,Auto-ingested from Bonfire: City of Dallas feed; verify details at the source; relevance=REJECT,medium,triage,source_verification_pending; specs_pending,,
bonfire-city-of-dallas-reference-bt26-00030442-name-solar-power-equipment-maintenance-and-repair-e02eb2,watching,Bonfire: City of Dallas,,,Reference #: BT26-00030442. Name: Solar Power Equipment Maintenance and Repair,https://dallascityhall.bonfirehub.com/opportunities/241270,2026-06-18,,,,,,,0,,no mattress/bedding signal,,2026-07-02,2026-07-02,Auto-ingested from Bonfire: City of Dallas feed; verify details at the source; relevance=REJECT,medium,triage,source_verification_pending; specs_pending,,
bonfire-city-of-dallas-reference-btz26-00030097-name-alarm-services-monitoring-installation-maintenance-and-re-a4ae80,watching,Bonfire: City of Dallas,,,"Reference #: BTZ26-00030097. Name: Alarm Services - Monitoring, Installation, Maintenance and Repairs",https://dallascityhall.bonfirehub.com/opportunities/241151,2026-06-18,,,,,,,0,,no mattress/bedding signal,,2026-07-02,2026-07-02,Auto-ingested from Bonfire: City of Dallas feed; verify details at the source; relevance=REJECT,medium,triage,source_verification_pending; specs_pending,,
bonfire-city-of-dallas-reference-bx26-00030493-name-swimming-pool-water-fountain-chemicals-supplies-8114b8,watching,Bonfire: City of Dallas,,,Reference #: BX26-00030493. Name: Swimming Pool & Water Fountain Chemicals & Supplies,https://dallascityhall.bonfirehub.com/opportunities/240783,2026-06-18,,,,,,,0,,no mattress/bedding signal,,2026-07-02,2026-07-02,Auto-ingested from Bonfire: City of Dallas feed; verify details at the source; relevance=REJECT,medium,triage,source_verification_pending; specs_pending,,
bonfire-city-of-dallas-reference-bhz26-0030688-name-fee-study-3aa095,watching,Bonfire: City of Dallas,,,Reference #: BHZ26-0030688. Name: Fee Study,https://dallascityhall.bonfirehub.com/opportunities/240108,2026-06-11,,,,,,,0,,no mattress/bedding signal,,2026-07-02,2026-07-02,Auto-ingested from Bonfire: City of Dallas feed; verify details at the source; relevance=REJECT,medium,triage,source_verification_pending; specs_pending,,
bonfire-city-of-dallas-reference-bt26-00030175-name-field-maintenance-consumable-labor-cb6e28,watching,Bonfire: City of Dallas,,,Reference #: BT26-00030175. Name: Field Maintenance Consumable & Labor,https://dallascityhall.bonfirehub.com/opportunities/239353,2026-06-04,,,,,,,5,,context-exclude (no strong mattress signal): aviation,,2026-07-02,2026-07-02,Auto-ingested from Bonfire: City of Dallas feed; verify details at the source; relevance=REJECT,medium,triage,source_verification_pending; specs_pending,,
bonfire-city-of-dallas-reference-bdz26-00030533-name-ron-kirk-bridge-re-coating-services-527609,watching,Bonfire: City of Dallas,,,Reference #: BDZ26-00030533. Name: Ron Kirk Bridge Re-Coating Services,https://dallascityhall.bonfirehub.com/opportunities/238693,2026-06-04,,,,,,,0,,no mattress/bedding signal,,2026-07-02,2026-07-02,Auto-ingested from Bonfire: City of Dallas feed; verify details at the source; relevance=REJECT,medium,triage,source_verification_pending; specs_pending,,
bonfire-city-of-dallas-reference-byz26-00030369-name-mlk-parade-planning-1334c4,watching,Bonfire: City of Dallas,,,Reference #: BYZ26-00030369. Name: MLK Parade Planning,https://dallascityhall.bonfirehub.com/opportunities/238626,2026-06-04,,,,,,,0,,no mattress/bedding signal,,2026-07-02,2026-07-02,Auto-ingested from Bonfire: City of Dallas feed; verify details at the source; relevance=REJECT,medium,triage,source_verification_pending; specs_pending,,
bonfire-city-of-dallas-reference-bfz26-00030048-name-data-center-network-infrastructure-services-527032,watching,Bonfire: City of Dallas,,,Reference #: BFZ26-00030048. Name: Data Center Network Infrastructure Services,https://dallascityhall.bonfirehub.com/opportunities/237321,2026-05-21,,,,,,,0,,no mattress/bedding signal,,2026-07-02,2026-07-02,Auto-ingested from Bonfire: City of Dallas feed; verify details at the source; relevance=REJECT,medium,triage,source_verification_pending; specs_pending,,
bonfire-city-of-dallas-reference-bg26-00030409-name-ductile-iron-pipe-381afb,watching,Bonfire: City of Dallas,,,Reference #: BG26-00030409. Name: Ductile Iron Pipe,https://dallascityhall.bonfirehub.com/opportunities/236564,2026-05-14,,,,,,,0,,no mattress/bedding signal,,2026-07-02,2026-07-02,Auto-ingested from Bonfire: City of Dallas feed; verify details at the source; relevance=REJECT,medium,triage,source_verification_pending; specs_pending,,
bonfire-city-of-dallas-reference-bu26-00030264-name-semi-automatic-weapons-exchange-839180,watching,Bonfire: City of Dallas,,,Reference #: BU26-00030264. Name: Semi-Automatic Weapons Exchange,https://dallascityhall.bonfirehub.com/opportunities/236488,2026-05-14,,,,,,,0,,no mattress/bedding signal,,2026-07-02,2026-07-02,Auto-ingested from Bonfire: City of Dallas feed; verify details at the source; relevance=REJECT,medium,triage,source_verification_pending; specs_pending,,
bonfire-city-of-dallas-reference-bh26-00030181-name-dallas-airport-system-airport-pavement-maintenance-aa5401,watching,Bonfire: City of Dallas,,,Reference #: BH26-00030181. Name: Dallas Airport System Airport Pavement Maintenance,https://dallascityhall.bonfirehub.com/opportunities/235481,2026-05-28,,,,,,,0,,no mattress/bedding signal,,2026-07-02,2026-07-02,Auto-ingested from Bonfire: City of Dallas feed; verify details at the source; relevance=REJECT,medium,triage,source_verification_pending; specs_pending,,
bonfire-city-of-dallas-reference-bc26-00029656-name-janitorial-supplies-trash-bags-and-liners-d94655,watching,Bonfire: City of Dallas,,,"Reference #: BC26-00029656. Name: Janitorial Supplies, Trash Bags, and Liners",https://dallascityhall.bonfirehub.com/opportunities/232703,2026-04-23,,,,,,,0,,no mattress/bedding signal,,2026-07-02,2026-07-02,Auto-ingested from Bonfire: City of Dallas feed; verify details at the source; relevance=REJECT,medium,triage,source_verification_pending; specs_pending,,
bonfire-city-of-dallas-reference-bl26-00030435-name-herbicides-and-pesticides-2d19c5,watching,Bonfire: City of Dallas,,,Reference #: BL26-00030435. Name: Herbicides and Pesticides,https://dallascityhall.bonfirehub.com/opportunities/239820,2026-06-25,,,,,,,0,,no mattress/bedding signal,,2026-07-02,2026-07-02,Auto-ingested from Bonfire: City of Dallas feed; verify details at the source; relevance=REJECT,medium,triage,source_verification_pending; specs_pending,,
bonfire-city-of-dallas-reference-bcz26-00030027-name-parking-citation-and-meter-management-1964f9,watching,Bonfire: City of Dallas,,,Reference #: BCZ26-00030027. Name: Parking Citation and Meter Management,https://dallascityhall.bonfirehub.com/opportunities/241201,2026-06-18,,,,,,,0,,no mattress/bedding signal,,2026-07-02,2026-07-02,Auto-ingested from Bonfire: City of Dallas feed; verify details at the source; relevance=REJECT,medium,triage,source_verification_pending; specs_pending,,
bonfire-city-of-dallas-reference-bcz26-00030328-name-advanced-metering-infrastructure-ami-proof-of-concept-pro-d6d97c,watching,Bonfire: City of Dallas,,,Reference #: BCZ26-00030328. Name: Advanced Metering Infrastructure (AMI) Proof of Concept Program,https://dallascityhall.bonfirehub.com/opportunities/239326,2026-06-04,,,,,,,0,,no mattress/bedding signal,,2026-07-02,2026-07-02,Auto-ingested from Bonfire: City of Dallas feed; verify details at the source; relevance=REJECT,medium,triage,source_verification_pending; specs_pending,,
bonfire-city-of-dallas-reference-ciz26-tpw-4003-name-bond-2024-traffic-signal-construction-group-6-masters-dri-69a7d7,watching,Bonfire: City of Dallas,,,"Reference #: CIZ26-TPW-4003. Name: Bond 2024 Traffic Signal Construction Group 6 – Masters Drive at Checota Drive, Pear Ridge Drive at Haverwood Drive, Jefferson Boulevard at Van Burne Avenue, and Buckner Boulevard at Gross Road",https://dallascityhall.bonfirehub.com/opportunities/242999,2026-07-02,,,,,,,0,,no mattress/bedding signal,,2026-07-02,2026-07-02,Auto-ingested from Bonfire: City of Dallas feed; verify details at the source; relevance=REJECT,medium,triage,source_verification_pending; specs_pending,,
bonfire-city-of-dallas-reference-bhz26-00030755-name-consultant-services-determination-remedies-non-conforming-d2f601,watching,Bonfire: City of Dallas,,,Reference #: BHZ26-00030755. Name: Consultant Services - Determination Remedies Non-Conforming Uses,https://dallascityhall.bonfirehub.com/opportunities/241627,2026-06-25,,,,,,,0,,no mattress/bedding signal,,2026-07-02,2026-07-02,Auto-ingested from Bonfire: City of Dallas feed; verify details at the source; relevance=REJECT,medium,triage,source_verification_pending; specs_pending,,
bonfire-city-of-dallas-reference-bh26-00030454-name-gymnasium-floor-maintenance-and-repair-acdd7d,watching,Bonfire: City of Dallas,,,Reference #: BH26-00030454. Name: Gymnasium Floor Maintenance and Repair,https://dallascityhall.bonfirehub.com/opportunities/237476,2026-06-18,,,,,,,0,,no mattress/bedding signal,,2026-07-02,2026-07-02,Auto-ingested from Bonfire: City of Dallas feed; verify details at the source; relevance=REJECT,medium,triage,source_verification_pending; specs_pending,,
bonfire-city-of-dallas-reference-brz26-00030643-name-enterprise-print-management-support-and-maintenance-servi-19c754,watching,Bonfire: City of Dallas,,,"Reference #: BRZ26-00030643. Name: Enterprise Print Management, Support, and Maintenance Services",https://dallascityhall.bonfirehub.com/opportunities/242143,2026-06-25,,,,,,,0,,no mattress/bedding signal,,2026-07-02,2026-07-02,Auto-ingested from Bonfire: City of Dallas feed; verify details at the source; relevance=REJECT,medium,triage,source_verification_pending; specs_pending,,
bonfire-houston-metro-reference-rfp-2026000013-name-chemical-release-emergency-response-353551,watching,Bonfire: Houston METRO,,,Reference #: RFP 2026000013. Name: Chemical Release Emergency Response,https://ridemetro.bonfirehub.com/opportunities/201541,2026-06-08,,,,,,,0,,no mattress/bedding signal,,2026-07-02,2026-07-02,Auto-ingested from Bonfire: Houston METRO feed; verify details at the source; relevance=REJECT,medium,triage,source_verification_pending; specs_pending,,
bonfire-houston-metro-reference-rfp-doc2104296360-name-rolling-stock-inspection-services-370405,watching,Bonfire: Houston METRO,,,Reference #: RFP Doc2104296360. Name: Rolling Stock Inspection Services,https://ridemetro.bonfirehub.com/opportunities/231869,2026-04-27,,,,,,,0,,no mattress/bedding signal,,2026-07-02,2026-07-02,Auto-ingested from Bonfire: Houston METRO feed; verify details at the source; relevance=REJECT,medium,triage,source_verification_pending; specs_pending,,
bonfire-houston-metro-reference-ifb-2026000001-name-articulating-crane-truck-b74ea3,watching,Bonfire: Houston METRO,,,Reference #: IFB 2026000001. Name: Articulating Crane Truck,https://ridemetro.bonfirehub.com/opportunities/234241,2026-06-08,,,,,,,0,,no mattress/bedding signal,,2026-07-02,2026-07-02,Auto-ingested from Bonfire: Houston METRO feed; verify details at the source; relevance=REJECT,medium,triage,source_verification_pending; specs_pending,,
bonfire-houston-metro-reference-ifb-2026000010-name-87-octane-unleaded-fuel-transportation-services-6afe78,watching,Bonfire: Houston METRO,,,Reference #: IFB 2026000010. Name: 87 Octane Unleaded Fuel Transportation Services,https://ridemetro.bonfirehub.com/opportunities/240720,2026-06-15,,,,,,,0,,no mattress/bedding signal,,2026-07-02,2026-07-02,Auto-ingested from Bonfire: Houston METRO feed; verify details at the source; relevance=REJECT,medium,triage,source_verification_pending; specs_pending,,
bonfire-houston-metro-reference-ifb-doc2282570456-name-purchase-and-delivery-of-h4-lrv-overhaul-kits-f313cc,watching,Bonfire: Houston METRO,,,Reference #: IFB-Doc2282570456. Name: Purchase and Delivery of H4 LRV Overhaul Kits,https://ridemetro.bonfirehub.com/opportunities/242559,2026-06-29,,,,,,,0,,no mattress/bedding signal,,2026-07-02,2026-07-02,Auto-ingested from Bonfire: Houston METRO feed; verify details at the source; relevance=REJECT,medium,triage,source_verification_pending; specs_pending,,
