lead_id,status,source,buyer,solicitation_number,title,portal_url,posted_date,due_date,lead_type,trigger_terms,fit_score,next_action,created_date,last_reviewed,notes
ionwave-rfp-16-26,watching,IonWave,Region 6 ESC — EPIC6 eMarketplace (cooperative),RFP 16.26,School Furniture & Related Services,https://esc6emkt.ionwave.net//VendorLanding.aspx?e=~gqPf4qJl82IxcufTPyQ9-IuXCCj9YYcNVMNjC9-QPySoPqk4bKPBc-sgIOkus0TcSXx7i0X5~PpCfRlT-hnmg,2026-06-18,2026-06-05,co-op_contract_vehicle,furniture,35,MONITOR: ESC6/EPIC6 furniture co-op closed 2026-06-05 (past due at 2026-06-18 sweep); no bid action unless buyer confirms a future/open contract path.,2026-06-18,2026-06-19,"Past due at sweep 2026-06-18 (closed 2026-06-05). ESC6/EPIC6 (Region 6 ESC, IonWave) broad furniture purchasing cooperative — possible recurring vehicle to watch. No current bid action unless buyer confirms a future/open contract path. Original relevance: weak only: furniture (no explicit mattress term). EPIC6/Region 6 ESC IonWave registration confirmed and alert keywords verified 2026-06-19 (furniture, dormitory, mattresses, bedding, institutional furniture, emergency/shelter/correctional)."
ionwave-rfp-15-26,watching,IonWave,Region 6 ESC — EPIC6 eMarketplace (cooperative),RFP 15.26,"Office - Supplies, Equipment, Furniture & Services",,2026-06-18,2026-06-05,co-op_contract_vehicle,furniture,35,MONITOR: ESC6/EPIC6 furniture co-op closed 2026-06-05 (past due at 2026-06-18 sweep); no bid action unless buyer confirms a future/open contract path.,2026-06-18,2026-06-19,"Past due at sweep 2026-06-18 (closed 2026-06-05). ESC6/EPIC6 (Region 6 ESC, IonWave) broad furniture purchasing cooperative — possible recurring vehicle to watch. No current bid action unless buyer confirms a future/open contract path. Original relevance: weak only: furniture (no explicit mattress term). EPIC6/Region 6 ESC IonWave registration confirmed and alert keywords verified 2026-06-19 (furniture, dormitory, mattresses, bedding, institutional furniture, emergency/shelter/correctional)."
buyboard-767-25,watching,BuyBoard,BuyBoard (TASB Local Government Purchasing Cooperative),767-25,"Furniture for School, Office, Science, Library, and Dormitory",https://www.buyboard.com/,2026-06-19,,co-op_contract_vehicle,furniture; dormitory; school furniture,,MONITOR: watch BuyBoard for next furniture/dormitory/correctional RFP. 767-25 closed 2024-10-31; re-bid window est. ~2028 (verify). Inspect 767-25 awarded vendors if accessible.,2026-06-19,2026-06-19,"BuyBoard vendor profile updated 2026-06-19 with mattress, bedding, dormitory, correctional, shelter, and furniture keywords. No current open mattress/furniture opportunities. Closed reference: solicitation 767-25 (closed 2024-10-31). Co-op contract vehicle (broad furniture); explicit mattress fit unconfirmed - do not promote to active without a confirmed product-fit solicitation."
tips-vehicle-watch,watching,TIPS,TIPS - The Interlocal Purchasing System (Region 8 ESC),,TIPS furniture / facilities / shelter / dormitory / correctional categories (vehicle watch),https://www.tips-usa.com/,2026-06-19,,co-op_contract_vehicle,furniture; dormitory furniture; institutional furniture; correctional; shelter; cots,,"MONITOR: review monthly/new TIPS solicitations & alerts, esp. furniture, facilities, shelter/emergency, dormitory, and correctional categories. TIPS furniture is re-solicited ~yearly; respond to the next Furniture, Furnishings & Services RFP. Verify mattress/product fit before any promotion.",2026-06-19,2026-06-19,"TIPS eBid (Region 8 ESC) registration complete; profile/keywords verified 2026-06-19 (mattress, bedding, dormitory furniture, institutional furniture, furniture-related services, correctional/detention, shelter/emergency, cots, public-health/residential). No current matching bid events found. Co-op contract vehicle (broad furniture); do not promote to active without a confirmed product-fit solicitation."
hgacbuy-no-furniture,no-fit,HGACBuy,HGACBuy (Houston-Galveston Area Council),,HGACBuy cooperative - no furniture/FF&E/mattress category (skip),https://www.hgacbuy.org/,2026-06-20,,co-op_contract_vehicle,,,"SKIP: HGACBuy has no furniture/FF&E/mattress/bedding category (verified). No registration value now. Revisit only if HGACBuy adds an FF&E category, or to petition for one.",2026-06-20,2026-06-20,"Operator checklist result 2026-06-20: HGACBuy evaluated and skipped. The HGACBuy contract list has no furniture/FF&E/mattress/bedding category (vehicles, public-safety, and modular buildings only). Co-op contract vehicle; not a current fit."
oklahoma-omes-supplier-portal-registration,watching,Oklahoma OMES Supplier Portal,State of Oklahoma - OMES Central Purchasing,,Oklahoma Supplier Portal bidder/supplier registration and category-code alerts,https://oklahoma.gov/omes/divisions/central-purchasing/suppliers-and-payees/supplier-portal.html,2026-06-20,,other,mattress; bedding; beds; bed frame; furniture; dormitory furniture; institutional furniture; correctional supplies; inmate supplies; detention bedding; jail mattress; shelter supplies; emergency supplies; cots; medical mattress; residential care furniture; public health bedding,,"MONITOR: watch beford@silverlinesleep.com for OMES registration status email and new bid/category alerts. After account approval, confirm alerts arrive for furniture/accommodation/mattress/cot/bed categories before considering the channel fully active.",2026-06-20,2026-06-20,"OMES Bidder/Supplier Registration submitted 2026-06-20. Registration ID 0000018606. Status email expected at BEFORD@SILVERLINESLEEP.COM. Category setup completed 2026-06-20 with broad furniture coverage plus visible high-fit codes including 56000000 Furniture and Furnishings, 56100000 Accommodation furniture, 56101500 Furniture, 56101508 Mattresses or sleep sets, 56101513 Cots or accessories, 56101515 Beds, and 56101521 Bed headboard or footboard. Broad unrelated public-safety/defense categories were skipped. First public-events sweep 2026-06-20 showed 15 open events and no current mattress/bedding/bed-frame/product-fit bid; Department of Corrections Television Service was reviewed but not product fit. Bidder registration is sufficient for solicitation notification/response; full supplier/payment setup can follow if awarded or required."
louisiana-lagov-lapac-registration,watching,LaGov / LaPAC,State of Louisiana - Office of State Procurement,,LaGov vendor enrollment and LaPAC bid-notification categories,https://wwwcfprd.doa.louisiana.gov/osp/lapac/pubMain.cfm,2026-06-20,,other,mattress; bedding; beds; bed frame; furniture; dormitory furniture; institutional furniture; correctional supplies; inmate supplies; detention bedding; jail mattress; shelter supplies; emergency supplies; cots; medical mattress; residential care furniture; public health bedding,,"MONITOR: watch beford@silverlinesleep.com for LaPAC bid alerts and buyer reply on RFx 3000026215. On next LaGov login, verify Product Category (UNSPSC) selections are saved for furniture/accommodation/mattress/cot/bed and related institutional/shelter/correctional terms.",2026-06-20,2026-06-20,"LaGov Supplier Self Registration initial registration completed 2026-06-20. Portal confirmed email notification is driven by Contact Person Details email and selected Product Categories. Operator reported vendor ID/temp-password login and personal password setup completed 2026-06-20; product-category setup believed completed, but should be verified on next login. W-9/EFT can follow for award/payment readiness. LaPAC sweep completed 2026-06-20; see separate Lead Radar rows for RFx 3000026215 and RFx 3000026264."
louisiana-lapac-3000026215,watching,LaPAC,State of Louisiana - Office of State Procurement,3000026215,Mattresses & Box Springs - Statewide,https://wwwcfprd.doa.louisiana.gov/osp/lapac/agency/pdf/9005000.pdf,2026-06-20,2027-06-09,awarded_contract_watch,mattresses; box springs; hospital mattress; dormitory mattress; polyfoam mattress; innerspring mattress; foundations; 42191800,95,LOST to Grand Bedding (operator 2026-07-06). Re-bid watch: base 12-mo term + up to two 12-mo extensions. Confirm actual award/term dates and extension likelihood; get CSP on the OSP vendor list / LaGov notifications for the next cycle.,2026-06-20,2026-07-06,"LaPAC sweep found statewide mattress/box spring vehicle on 2026-06-20. RFx 3000026215, T-Number 90943, product category 42191800. Packet confirms statewide contract for mattresses and box springs; 12-month term with two possible 12-month extensions. Price sheet/specs include hospital/dormitory polyfoam mattresses, residential/dormitory innerspring mattresses, twin XL/full/queen, box foundations, FR/fluid-proof covers, 16 CFR 1633 references. Bid opening date was 2026-06-09, so this is not currently actionable as a bid. Outreach sent 2026-06-20 to buyer Courtnee Viada (courtnee.viada@la.gov) asking whether any late-response, supplemental vendor, secondary award, rebid, renewal, or related opportunity path remains. | Follow-up outreach SENT 2026-07-02 (from silverlinesleep) to Courtnee Viada (courtnee.viada@la.gov) — asked award result, renewal/rebid timing (term allows two 12-mo extensions), supplemental/secondary vendor path, and vendor-list add. 2nd touch after 2026-06-20. | LOST 2026-07-06 (operator): Viada follow-up answered - contract awarded to another vendor; CSP was not a bidder (opening predated discovery). Re-bid watch: due_date reset to 2027-06-09 = ESTIMATED expiry of the new base 12-mo term (award assumed ~2026-06); confirm actual term/extensions with OSP and adjust. | WINNER identified 2026-07-06 (operator): Grand Bedding won the statewide award. Track as incumbent for the re-bid; pull award pricing from OSP/LaPAC if published."
louisiana-lapac-3000026264,watching,LaPAC,State of Louisiana - Office of State Procurement,3000026264,Norix BN Furniture - Statewide,https://wwwcfprd.doa.louisiana.gov/osp/lapac/agency/pdf/9015300.pdf,2026-06-20,2026-06-24,broad_furniture_ffe,furniture; institutional furniture; Norix; healthcare; developmental centers; colleges; 56101500,40,REVIEW ONLY: open 2026-06-24 at 10:00 AM Central but specs require Norix brand-name furniture. Do not promote unless Continental Silverline can supply authorized Norix-brand/catalog items or a mattress-specific fit appears.,2026-06-20,2026-06-20,"LaPAC sweep found open statewide Norix brand-name furniture vehicle. RFx 3000026264, T-Number 92914, product category 56101500. Specs require products manufactured by Norix Group and focus on institutional furniture for healthcare, developmental centers, colleges, and related environments. Downloaded specs/price sheet did not mention mattress, bed, cot, or bunk terms; keep as broad institutional furniture watch only."
mississippi-magic-registration,watching,Mississippi MAGIC / Procurement Portal,State of Mississippi - DFA / MAGIC,,MAGIC supplier registration and Mississippi procurement portal watch,https://www.ms.gov/dfa/contract_bid_search,2026-06-20,,other,mattress; bedding; beds; bed frame; furniture; dormitory furniture; hospital beds; institutional furniture; cots; correctional; shelter; emergency supplies,,"MONITOR: watch registration-confirmation email and MS.gov/MAGIC RFx alerts. On next login, verify supplier/product category coverage for furniture, health-care furniture, mattresses/beds, dormitory furniture, cots, institutional/correctional/shelter terms.",2026-06-20,2026-06-20,"Mississippi MAGIC Supplier Self-Registration completed 2026-06-20 by operator. Category-search step reached during registration; operator reported registration complete. DFA supplier page states registration provides vendors the ability to get upcoming bid information, respond electronically, and receive purchase orders electronically. First public sweep used official Mississippi Procurement Portal plus DFA active procurements page; no current open mattress/product-fit bid found."
mississippi-rfx-3130002292-statewide-furniture,watching,Mississippi Procurement Portal,"State of Mississippi - Office of Purchasing, Travel and Fleet Management",1130-26-R-NBID-00012 / 3130002292,"Cafeteria, Dormitory, Library Furniture, Library Shelving, Lounge, Modular Office, School Furniture, Seating, Wood Desks and Wood Credenzas Negotiated Contract Bid",https://www.ms.gov/dfa/contract_bid_search/Bid/Details/44428,2026-03-02,2026-04-15,dorm_student_housing,dormitory furniture; furniture; cafeteria furniture; institutional furniture; product category 42000,45,MONITOR: closed 2026-04-15 before 2026-06-20 sweep; do not promote. Watch for next annual/statewide furniture negotiated bid cycle and verify mattress/bed categories before any response.,2026-06-20,2026-06-20,"Official detail page reviewed 2026-06-20. RFx status Closed; type Negotiated Bid; commodity; subcategory Supplies - Non-Technology; product category 42000 Furniture: Cafeteria. Description includes Cafeteria, Dormitory, Library Furniture, Library Shelving, Lounge, Modular Office, School Furniture, Seating, Wood Desks and Wood Credenzas. Contact listed as Lashun Smith, LASHUN.SMITH@DFA.MS.GOV, 6013591310. Attachments include dealer list, price list, catalog/category, purchase summary, terms, sample contract, and proposal guidelines for Furniture 2026."
mississippi-hinds-hospital-beds-3170034385,watching,Mississippi Procurement Portal,Hinds Community College,351-20251117104342 HCC / 3170034385,Hospital Beds - Bid #3315,https://www.ms.gov/dfa/contract_bid_search/Bid/Details/43531,2025-11-20,2025-12-09,public_health_residential,hospital beds; beds; mattresses; product category 41003; construction furniture and equipment,70,MONITOR: closed 2025-12-09 before 2026-06-20 sweep; do not promote. Use as Mississippi community-college/health-care bed rebid signal and watch Hinds/community college postings for future hospital-bed or mattress opportunities.,2026-06-20,2026-06-20,"Official detail page reviewed 2026-06-20. RFx status Closed; agency MPTAP; major category Commodities; subcategory Construction - Furniture and Equipment; description says Hinds Community College sought unpriced technical proposals for Hospital Beds, Bid #3315. RFx item product category 41003 Beds and Mattresses. Attachment: Bid_3315 Hospital Beds.pdf. No active bid action because due date was 2025-12-09."
arkansas-arbuy-portal,watching,Arkansas ARBuy,State of Arkansas - Office of State Procurement (TSS),,Arkansas ARBuy supplier registration and open-bid category alerts,https://arbuy.arkansas.gov/bso/view/search/external/advancedSearchBid.xhtml?openBids=true,2026-06-21,,other,mattress; bedding; beds; bed frame; furniture; dormitory furniture; institutional furniture; correctional supplies; inmate supplies; detention bedding; jail mattress; shelter supplies; emergency supplies; cots; medical mattress; residential care furniture; public health bedding,,MONITOR: ARBuy supplier registration completed 2026-06-21. Watch beford@silverlinesleep.com for Arkansas commodity/category alerts and re-sweep public open bids for product-fit solicitations.,2026-06-21,2026-06-21,"Public open-bids sweep 2026-06-21 via ARBuy external advanced search (openBids=true). 5 open solicitations, none product-fit: S000000551 Used Tire Program District 4 Rebid (close 2026-07-07), S000000541 Tax Booklets (2026-07-20), S000000523 DFA Armored Car Service (2026-07-09), S000000505 DHS User Acceptance Testing (2026-06-26), S000000495 Occupational Therapy (2026-06-26). ARBuy is the live State of Arkansas eProcurement portal (Periscope/BSO); registration is free and required to receive solicitation notifications and respond. Operator confirmed ARBuy registration completed 2026-06-21 for Continental Silverline / beford@silverlinesleep.com. Commodity/service codes visible at registration summary: 56-10-15 Furniture, 56-10-16 Outdoor Furniture, 56-10-17 Office Furniture, and 42-19-18 Patient Beds and Accessories. No current mattress/bed/dormitory/furniture/correctional product fit; keep as monitor/registered alert source."
new-mexico-spd-sciquest-portal,watching,New Mexico GSD / SPD (SciQuest/eProNM),"State of New Mexico - General Services Department, State Purchasing Division",,New Mexico State Purchasing supplier registration and public-bid category alerts,https://bids.sciquest.com/apps/Router/PublicEvent?CustomerOrg=StateOfNewMexico,2026-06-21,,other,mattress; bedding; beds; bed frame; furniture; dormitory furniture; institutional furniture; correctional supplies; inmate supplies; detention bedding; jail mattress; shelter supplies; emergency supplies; cots; medical mattress; residential care furniture; public health bedding,,MONITOR: NM coverage COMPLETE 2026-06-27 - Euna/Bonfire NM-SPD portal registration done (all 4 steps; 15-code commodity set; Opportunity Recommendations Daily -> funnel). eProNM + Euna both covered. eProNM ran through 2026-06-22; Euna/NM-SPD go-live 2026-06-29 (new solicitations post exclusively there). Watch beford@silverlinesleep.com for first category alert; no product-fit bid yet so stays watching.,2026-06-21,2026-06-28,"Public-events sweep 2026-06-21 via SciQuest public bid board (CustomerOrg=StateOfNewMexico). 16 open solicitations, none product-fit (Temporary Employment Services, construction/tenant-improvement projects, architect/engineer services RFPs, fuel supply and services, asphalt crack-sealing/surface treatment, gravel and landscaping materials, promotional items, payment processing, institutional trustee services, state fairgrounds master plan). VERIFICATION: live NM State Purchasing online portal is SciQuest/Jaggaer (eProNM) per generalservices.state.nm.us online-procurement page. Operator notice reviewed 2026-06-21 says eProNM remains SPD's current supplier portal for current solicitations and public opportunity notifications; current solicitations continue in eProNM/JAGGAER. SPD requires all suppliers to also register in Euna Supplier Network (Bonfire) - NM-SPD Procurement Portal at https://generalservices-state-nm-us.bonfirehub.com/; even suppliers already registered in Euna must register within the NM-SPD portal. Go-live date is 2026-06-29, after which all new solicitations will be posted exclusively in Euna/NM-SPD; eProNM accepts registrations/responses through 2026-06-22 (date corrected from a prior 2026-09-01 note, verified 2026-06-26 against the NM SPD New eProcurement Platform announcement on generalservices.state.nm.us). Operator confirmed NM registration completed 2026-06-21 for current eProNM/JAGGAER and future Euna/NM-SPD coverage. Alert/category coverage should include mattress, bedding, beds, cots, furniture, dormitory/residence hall, correctional/detention, shelter/emergency, and hospital/patient beds. No current mattress/bed/dormitory/furniture/correctional product fit. REGISTRATION UPDATE 2026-06-27: Euna/Bonfire NM-SPD registration completed and verified in-portal (all 4 steps green; logged in as Blake F.); clean 15-code commodity set (UNSPSC mattresses/patient-care beds/mattress pads/overlays + NIGP 420 furniture family + 850 mattress covers/pads/protectors; animal-bedding code 32508 removed); notifications Opportunity Recommendations=Daily plus Invites and Messages on, all routed to beford@silverlinesleep.com (Euna exposes no numeric vendor ID; account keyed by email). VERIFICATION UPDATE 2026-06-28: Euna Supplier Network / NM-SPD was checked logged-in; no L.P. anywhere. Business Profile reads 'Continental Silverline LLC' and propagates to NM-SPD; no tenant legal-name edit needed. SAM.gov separately remains blocked: UEI XF73FG8CVMX1 is attached to a wrong-named WIP record and must not be cited until self-service/FSD resolves correction vs. fresh validation. Status stays watching (no open product-fit solicitation)."
new-mexico-00-35000-19-08660-hospital-beds,watching,New Mexico GSD / SPD (SciQuest/eProNM),"State of New Mexico - General Services Department, State Purchasing Division",00-35000-19-08660,"Behavioral Health Hospital Beds, etc.",https://bids.sciquest.com/apps/Router/PublicEvent?CustomerOrg=StateOfNewMexico,2019-12-19,2020-01-08,public_health_residential,behavioral health hospital beds; medical surgical hospital beds; rehabilitation hospital beds; hospital equipment; mattress; beds,70,"MONITOR: closed 2020-01-08; do not promote. Use as New Mexico state-board hospital-bed/equipment rebid signal and watch eProNM alerts for future behavioral-health, hospital-bed, mattress, and residential-care equipment opportunities.",2026-06-21,2026-06-21,"Operator eProNM closed-search result reviewed 2026-06-21 for keyword mattress. Closed event ITBPA 00-35000-19-08660, Behavioral Health Hospital Beds, etc.; description: establish a price agreement for the purchase of Behavioral Health Hospital Beds, Medical Surgical Hospital Beds, Rehabilitation Hospital Beds and various hospital equipment. Opened 2019-12-19 and closed 2020-01-08 2:00 PM MST. Contact listed as Clarke Fountain, ClarkeJ.Fountain@state.nm.us. Related closed result shown: 00-350-19-08648 Various Hospital Equipment, opened 2019-08-29 and closed 2019-09-17, contact Kristin Carl. Historical signal only; no current active bid."
tdcj-bonfire-esbd-iw222654-cotton-batting,no-fit,Bonfire / Texas ESBD,Texas Department of Criminal Justice (TDCJ),IW222654,Cotton Batting,https://tdcj.bonfirehub.com/opportunities/237020,2026-06-05,2026-06-22,correctional_detention,cotton batting; mattress pads; TDCJ; correctional,0,"NO-FIT: Cotton batting is not a Continental Silverline product-fit opportunity. Keep TDCJ Bonfire/ESBD/CMBL monitoring active for future finished mattress, bedding, detention, dormitory, or shelter opportunities.",2026-06-21,2026-06-21,"Reviewed with operator on 2026-06-21 and confirmed no fit. Live TDCJ Bonfire RSS open-public-opportunities feed listed Reference # IW222654 Cotton Batting, posted 2026-06-05, project closes 2026-06-22 3:00 PM CDT, link https://tdcj.bonfirehub.com/opportunities/237020. ESBD detail https://www.txsmartbuy.gov/esbd/IW222654 listed status Addendum Posted, buyer/member 696, contact Kelly Pegoda, Kelly.Pegoda@tdcj.texas.gov, class/item 85056-Mattress Pads, response due 2026-06-19 3:00 PM, description procurement of cotton batting. Not promoted to active pipeline."
region4-esc-ionwave-omnia-portal,watching,IonWave / OMNIA Partners,Region 4 Education Service Center (OMNIA lead agency),,Region 4 ESC IonWave supplier registration and current-bid watch,https://region4esc.ionwave.net/SourcingEvents.aspx?SourceType=1,2026-06-22,,co-op_contract_vehicle,OMNIA; Region 4 ESC; IonWave; furniture; dormitory; mattress; NIGP 205; NIGP 420,,"MONITOR: Region 4 ESC IonWave registration/profile and notification email verified 2026-06-22; keyword setup includes mattress, mattresses, bedding, beds, bed frame, dormitory mattress, institutional mattresses, jail mattress, medical mattress, bunk, cots, student housing, and residence hall. Re-sweep current bids weekly; do not promote without confirmed open product-fit solicitation.",2026-06-22,2026-06-29,"Public sweep refreshed 2026-06-22. Region 4 ESC IonWave current bids page listed 6 items: 26-09 Automotive and Large Vehicle Solutions (closed 2026-06-09), R42026-03 Academic/Leadership/Student Support (closed 2026-06-09), 26-16 Sport Surfaces due 2026-06-23, 26-10 Trenchless Technology due 2026-06-25, 26-11 Facility Technology Integration and Security System Services due 2026-06-25, and 26-12 Facilities Management Software and Solutions due 2026-06-25. Operator completed Region 4 ESC IonWave profile review 2026-06-22: BEFORD@SILVERLINESLEEP.COM profile has receive-emails enabled, system notifications enabled, announcement emails enabled, and Event View/Respond role enabled; supplier company profile contains mattress, bed, bedding, dormitory, institutional, correctional, cot, bunk, residence hall, and student-housing keywords. Operator reported no open/current product-fit bid after logged-in sweep. OMNIA/Region 4 watch remains registration/notification value only; no active pipeline promotion."
omnia-269-2025-148-furniture-installation-design,watching,OMNIA Partners,"The City of Charlotte, North Carolina (OMNIA lead agency)",269-2025-148,"Furniture, Installation, Design, Consulting Services, and Related Products and Services",https://www.omniapartners.com/get-started/solicitations,,2026-04-10,co-op_contract_vehicle,OMNIA; furniture; installation; design; related products and services; contract vehicle,35,"MONITOR: closed 2026-04-10 before sweep; check OMNIA/City of Charlotte award outcome and contract term. Do not promote unless a future/open event includes confirmed mattress, dormitory, bed, or bedding scope.",2026-06-21,2026-06-21,"OMNIA current-solicitations page reviewed 2026-06-21. Solicitation 269-2025-148, Furniture, Installation, Design, Consulting Services, and Related Products and Services, lead agency The City of Charlotte, North Carolina, response due 2026-04-10 2:00 PM EST. Broad furniture co-op vehicle, not currently open and no explicit mattress scope confirmed from public listing. Use as award/renewal intelligence only; active pipeline remains blocked until a live product-fit solicitation appears."
texas-am-aggiebid-portal,watching,AggieBid / SciQuest,The Texas A&M University System,,Texas A&M AggieBid supplier registration and public-bid watch,https://bids.sciquest.com/apps/Router/PublicEvent?CustomerOrg=TAMU,2026-06-21,,dorm_student_housing,Texas A&M; AggieBid; SciQuest; residence hall; student housing; dormitory; mattress; Twin XL,,"MONITOR: AggieBid/AggieBuy supplier registration confirmed 2026-06-22; watch beford@silverlinesleep.com and re-sweep AggieBid open events for explicit mattress, bedding, dormitory furniture, bed, Twin XL, or residence-hall opportunities. Do not promote closed historical rows.",2026-06-21,2026-06-22,"AggieBid/AggieBuy supplier registration confirmed by operator 2026-06-22. Public/open board still has no current mattress, bedding, bed, dormitory, residence-hall, Twin XL, or furniture product fit. Operator closed-search result found historical canceled ITB AG-EXT-ITB-1096, Mattresses, opened 2019-03-04 2:30 PM CST and closed 2019-03-08 12:00 PM CST, contact Lindsay Weber LRWEBER@AG.TAMU.EDU. Historical product-fit signal only; no active pipeline promotion."
choice-partners-hcde-ffe-watch,watching,Choice Partners / HCDE IonWave,Choice Partners - Harris County Department of Education,23/022MF,"Furniture, Fixtures, Equipment (FFE) and Related Items contract/rebid watch",https://www.choicepartners.org/current-rfps,2026-06-21,2027-06-01,co-op_contract_vehicle,Choice Partners; HCDE; IonWave; furniture; fixtures; equipment; FFE; NIGP 205; NIGP 420,35,"MONITOR: Register/repair HCDE/Choice only as CONTINENTAL SILVERLINE PRODUCTS, LLC. Do not enter or cite UEI XF73FG8CVMX1 unless SAM/FSD resolves it as LLC-valid. If the portal requires a valid/active SAM UEI, pause until the SAM entity-correction path is complete. Watch for next FFE RFP estimated 2027-06-01; do not promote without explicit mattress, bed, dormitory, or bedding scope.",2026-06-21,2026-06-24,"Registration-path refresh 2026-06-22. HCDE eBid/IonWave supplier registration preliminary page includes fields for Company Name, Main Phone, SAM.gov Unique Entity ID (UEI), and DUNS before company/address/commodity-code steps. Existing public signal remains: Choice Partners FFE contract 23/022MF is a future rebid/watch item, with estimated next advertise date 2027-06-01; no open mattress/bed/dormitory product-fit bid confirmed. Choice Partners public Current RFPs refresh 2026-06-24 showed only Modular Buildings and Related Items (JOC-IDIQ) 26/028MF, due 2026-06-16, with downloads requiring vendor login/registration. No current FFE, mattress, bed, bedding, dormitory, or sleep-product RFP confirmed. SAM.gov status update 2026-06-28: UEI XF73FG8CVMX1 is attached to a wrong-named Work-In-Progress record displaying CONTINENTAL SILVERLINE PRODUCTS, L.P.; no CAGE and no banking entered. Do not use this UEI for HCDE/Choice unless the SAM correction/self-service/FSD path resolves it as LLC-valid."
eandi-university-sleep-ei00071,watching,E&I Cooperative Services,E&I Cooperative Services,EI00071 / RFP 683486,University Sleep Products residence hall mattress contract,https://www.eandi.org/contracts/university-sleep-products/,2026-06-21,2031-01-31,awarded_contract_watch,E&I; University Sleep Products; residence hall mattresses; mattress covers; hospitality supplies; RFP 683486,90,"MONITOR: E&I Supplier Management/JAGGAER registration completed 2026-06-22; watch beford@silverlinesleep.com and E&I current/upcoming RFP events for mattress, dormitory, residence hall, bedding, bed, cot, or institutional furniture terms. Awarded University Sleep Products contract runs through 2031-01-31; do not promote unless a new open product-fit RFP appears.",2026-06-21,2026-06-22,"E&I Supplier Management/JAGGAER registration completed by operator 2026-06-22 with commodity-code/product selections for mattress, bedding, furniture, dormitory/residence hall, bed/cot, hospital/patient-bed, and institutional furniture watch terms. Sourcing Events home showed No Results for opening/closing soon and no contracts visible for this account at registration time. Existing high-fit intelligence remains University Sleep Products contract EI00071 / RFP 683486 through 2031-01-31, awarded watch only; no open mattress, bedding, residence-hall, dormitory, or furniture product-fit RFP confirmed."
sourcewell-091423-furniture-solutions,watching,Sourcewell,Sourcewell,091423,Furniture Solutions with Related Accessories and Services contract/rebid watch,https://www.sourcewell-mn.gov/cooperative-purchasing/091423-kii,2026-06-21,2027-12-04,co-op_contract_vehicle,Sourcewell; furniture; dormitory furniture; library furniture; classroom furniture; KI; Steelcase; contract 091423,45,"MONITOR: Sourcewell Procurement Portal registration confirmed 2026-06-24. Watch Sourcewell alerts and re-solicitation windows for Furniture Solutions 091423 (matures 2027-12-04) and any explicit mattress, bed, dormitory, bedding, cot, shelter, or residence-hall scope; promote only with confirmed current product fit.",2026-06-21,2026-06-24,"Sourcewell procurement portal refreshed 2026-06-22. Portal states prospective vendors can create an account, select commodity codes, and receive system-generated email notifications for matching new opportunities; public solicitations are posted on the site; Sourcewell does not charge a fee to create/maintain an account or access solicitation documents, though a free account is required to download bid documents/addenda. Static fetch did not expose the script-loaded opportunity rows during this refresh; rely on portal account alerts plus manual/browser review for current open rows. Existing watch remains Sourcewell Furniture Solutions contract family 091423 maturing 2027-12-04; no confirmed open mattress or bedding solicitation was found. Sourcewell refresh 2026-06-24 confirmed contract 091423-KII remains a furniture contract maturing 2027-12-04 and includes dormitory/library furniture and healthcare furnishings among other furniture categories. Current open Sourcewell solicitations were Swimming Pool Renovation/Repair, Airfield Runway Materials, Fencing Materials, Conducted Energy Weapons/Less Lethal Equipment, Trailers, and Illinois IDIQ construction. No open mattress, bedding, dormitory bed, cot, or sleep-product solicitation confirmed. Operator received automated Sourcewell Procurement Portal vendor registration confirmation 2026-06-24 for Blake / Continental Silverline. Confirmation says account settings can be modified in the Sourcewell Procurement Portal and portal resources/FAQ are available from the home page. Keep Sourcewell alert/profile coverage focused on furniture, dormitory/residence hall, mattresses, bedding, beds, cots, shelter/emergency, institutional furniture, and related sleep-product terms. No open mattress, bedding, dormitory bed, cot, or sleep-product Sourcewell solicitation was confirmed during the 2026-06-24 sweep; no active pipeline promotion."
bidnet-direct-tx-ok-registration-watch,watching,BidNet Direct,BidNet Direct - TX LA AR MS NM OK Purchasing Groups,,BidNet Direct six-state local-agency registration and bid-alert watch,https://www.bidnetdirect.com/private/supplier/purchasing-groups,2026-06-21,,other,BidNet; Texas Purchasing Group; Louisiana Purchasing Group; Arkansas Purchasing Group; Mississippi Purchasing Group; New Mexico Purchasing Group; Oklahoma Purchasing Group; mattress; bedding; dormitory; furniture; jail mattress; detention bedding; cots; bed frame; box spring; NIGP 42068,,"MONITOR: BidNet profile covers TX, LA, AR, MS, NM, and OK Purchasing Groups. Logged-in six-state searches found one active JBSA bed/furniture federal candidate, one open marine-mattress no-fit, closed mattress history, and no remaining open product-fit results. Keep saved searches/alerts active and re-run weekly for mattress, mattresses, bedding, beds, dormitory, furniture, jail mattress, detention bedding, cots, bed frame, bunk bed, mattress pad, linen, correctional, inmate, and shelter terms.",2026-06-21,2026-06-21,"BidNet public sweep 2026-06-21. Texas Purchasing Group page verified at https://www.bidnetdirect.com/texas; page says participating local government purchasing departments invite vendors to register for access to RFPs, bids, and awards, and that registered vendors get bid information in a central location. Page showed 2,302 statewide/federal open solicitations and 78 group bids at sweep time, plus vendor registration for real-time notifications of matching bids. Keyword result pages returned 403 to automated fetches. Operator screenshot 2026-06-21 first confirmed Louisiana Purchasing Group and Texas Purchasing Group selected with All Solicitations notifications and NIGP 420 / 42068 Mattresses and Bedsprings (Incl. Fillers). Later operator screenshot 2026-06-21 confirmed purchasing groups now include Arkansas (member since 2026-06-21, no registration form), Louisiana (2026-04-02, no registration form), Mississippi (2026-06-21, no registration form), New Mexico (completed 2026-06-21), Oklahoma (completed 2026-06-21), and Texas (completed 2026-04-02). Logged-in searches reviewed 2026-06-21: mattress returned open Lake Chien marine mattress no-fit; mattresses returned closed historical product-fit results; bed/bedding returned active JBSA FA301626Q0151 bed/furniture candidate plus false-positive batch; jail mattress and detention bedding returned 0 open results across all six groups; operator reported remaining searches including inmate/correctional terms, cots, dormitory, furniture, bed frame, box spring, bunk bed, mattress pad, and linen had no open product-fit results. Continue alert monitoring; no additional active rows beyond JBSA."
walker-county-bonfire-portal,watching,Bonfire,"Walker County, Texas",,Walker County Bonfire vendor registration and jail/institutional bedding watch,https://co-walker-tx.bonfirehub.com/portal/,2026-06-21,,correctional_detention,Walker County; Bonfire; jail; correctional; mattress; bedding; detention; inmate; shelter; cots,,"MONITOR: Walker County Bonfire RSS is now configured; watch for jail, detention, bedding, mattress, furniture, shelter, or cot opportunities. OPERATOR: register on Bonfire and select matching commodity codes/notifications if available.",2026-06-21,2026-06-21,"Public sweep 2026-06-21 found Walker County official site vendor registration links to https://co-walker-tx.bonfirehub.com/portal/?tab=login, replacing the older DemandStar assumption. Bonfire RSS https://co-walker-tx.bonfirehub.com/opportunities/rss returned a valid Open Public Opportunities feed with no item entries. Bonfire public API getOpenPublicOpportunitiesSectionData returned success with projects: [] and departments: []. Past public opportunities reviewed from endpoint showed only Office Flooring Replacement, Replacement Windows, Annex Vehicle & Voter Office Flooring, HDPE Corrugated Pipe, and Dynamics 365 cloud projects; no mattress, bedding, jail, detention, furniture, shelter, or cot product fit. No active pipeline promotion."
dallas-county-bidnet-jail-watch,watching,BidNet Direct,"Dallas County, Texas",,Dallas County BidNet registration and jail bedding watch,https://www.bidnetdirect.com/texas/dallas-county,2026-06-22,,correctional_detention,Dallas County; BidNet; jail; correctional; mattress; bedding; detention; inmate; NIGP,,"MONITOR: Dallas County is covered through the existing BidNet Direct six-state account and Texas Purchasing Group registration. Re-run logged-in searches for mattress, bedding, jail mattress, detention bedding, cots, beds, furniture, correctional, and inmate terms; do not promote unless a current open product-fit solicitation is verified.",2026-06-22,2026-06-29,"Public sweep 2026-06-21 confirmed Dallas County Purchasing routes goods, services, and construction solicitations through BidNet as of 2024-12-19. Dallas County says registering at BidNet lets vendors receive solicitation notices, view open solicitations, and submit responses online; formal notices are sent to registered vendors matching NIGP codes. Dallas County current-bids page links to BidNet open and closed bid searches. Direct automated fetch of the Dallas County BidNet agency and keyword pages returned 403. Legacy embedded BidSync results page was accessible but showed old ended 2020 results, not a current solicitation source. Operator confirmed 2026-06-22 that Dallas County is the same shared BidNet Direct portal already configured for TX, LA, AR, MS, NM, and OK purchasing groups. Logged-in six-state bedding search showed one Dallas County member-agency result, Vehicle Body Damage and Collision Repair Services, closing 2026-07-02 03:00 PM EDT; no mattress, bedding, jail, detention, furniture, shelter, cot, or bed product-fit Dallas opportunity was visible. Keep as named high-volume county-jail watch; no active pipeline promotion."
bexar-county-infor-adc-watch,watching,Bexar County Infor,"Bexar County, Texas",,Bexar County supplier portal and adult-detention bedding watch,https://www.bexar.org/616/Supplier-PortalVendor-Registration,2026-06-22,,correctional_detention,Bexar County; Adult Detention Center; jail; correctional; mattress; bedding; detention; inmate; cots; furniture,,"MONITOR: Bexar County Infor supplier registration completed/continued by operator 2026-06-22; supplier number 17427. Commodity-code lookup was unreliable during registration, so re-check profile categories after approval/login and continue logged-in event searches for mattress, bedding, jail, detention, inmate, cot, bed, and furniture terms. Do not promote unless a current open product-fit solicitation is verified.",2026-06-22,2026-06-29,"Public bid-page refresh 2026-06-22. Bexar County CivicEngage Open Bids page still says there are no open bid postings at this time. Supplier Portal/Vendor Registration remains the key action path because Bexar says registered suppliers receive bid notifications based on selected commodity codes. Operator completed Bexar Infor registration flow 2026-06-22; status page showed account set up with supplier number 17427, but registration not complete until at least one commodity code was registered. Commodity-code filters returned no useful results for furniture/product terms during walkthrough; operator added available code(s) and proceeded. Logged-in Infor Events search for furniture showed only non-open/non-actionable rows: Bexar County Sheriff's Office Furniture (awarded, first close 2020-10-21), Bexar County JP-4 Office Furniture (awarded, first close 2023-12-15), Office Space Planning and Furniture (cancelled, first close 2025-08-08), BarLite Crime Lab Furniture Package rows cancelled/pending award with first close dates 2025-09-12, 2026-10-01, and 2026-06-05. No current open mattress, bedding, jail, detention, furniture, shelter, cot, or bed product-fit event was visible. Keep as high-volume county-jail watch; no active pipeline promotion."
bernalillo-county-bonfire-portal,watching,Bonfire,"Bernalillo County, New Mexico",,Bernalillo County Bonfire registration and MDC bedding watch,https://bernco.bonfirehub.com/portal/,2026-06-21,,correctional_detention,Bernalillo County; Bonfire; Metropolitan Detention Center; MDC; correctional mattresses; jail; detention; bedding; cots; furniture,,"MONITOR: Bernalillo County Bonfire RSS is now configured; watch for jail, MDC, detention, bedding, mattress, furniture, shelter, or cot opportunities. OPERATOR: register on Bonfire and select matching commodity codes/notifications if available.",2026-06-21,2026-06-21,"Public sweep 2026-06-21 verified bernco.bonfirehub.com as a live Bonfire tenant for Bernalillo County. RSS https://bernco.bonfirehub.com/opportunities/rss returned two open opportunities: RFSQ 52-26-NH Bernalillo County Development Partner on a Rolling Submission Basis (Round 1), closing 2026-06-30, and RFP 53-26-EM Grant Process for Capital Projects/Operating Expenses in Support of the Opioid Use Settlement, closing 2026-06-30. Neither open event is mattress, bedding, jail, detention, furniture, shelter, cot, or bed product fit. Past public API showed a closed product-fit Correctional Mattresses signal handled separately. No active pipeline promotion."
bernalillo-rfb-48-26-correctional-mattresses,watching,Bonfire,"Bernalillo County, New Mexico",RFB 48-26-DC,Correctional Mattresses,https://bernco.bonfirehub.com/opportunities/233853,2026-06-21,2026-05-21,correctional_detention,Correctional Mattresses; Bernalillo County; Metropolitan Detention Center; MDC; jail; detention; bedding; inmate supplies,90,"MONITOR: closed before sweep, but this is a strong historical correctional-mattress signal. Watch Bernalillo County Bonfire RSS and registration alerts for rebid, award/contract details, addenda, or replacement-cycle follow-on; promote only if a future/open event is current.",2026-06-21,2026-06-21,"Bernalillo County Bonfire past public API reviewed 2026-06-21. ProjectID 233853, ReferenceID RFB 48-26-DC, ProjectName Correctional Mattresses, DateClose 2026-05-21 20:00:00 UTC, IsPublicAward true. Closed before sweep, so not promoted to active. Use as high-fit historical signal for Metropolitan Detention Center/correctional replacement cycles and future Bonfire alerts."
tarrant-county-ionwave-jail-watch,watching,IonWave,"Tarrant County, Texas",,Tarrant County IonWave registration and jail bedding watch,https://tarrantcountytx.ionwave.net/SourcingEvents.aspx?SourceType=1,2026-06-22,,correctional_detention,Tarrant County; IonWave; jail; sheriff; correctional; mattress; bedding; detention; inmate; cots; furniture,,"MONITOR: Tarrant County IonWave supplier registration activated 2026-06-22 and email notifications verified for BEFORD@SILVERLINESLEEP.COM. Re-run current solicitations weekly for mattress, bedding, cots, furniture, shelter, correctional, detention, and inmate-supply terms; promote only if a current open product-fit event is verified.",2026-06-22,2026-06-29,"Tarrant County IonWave current-events refresh 2026-06-22 returned 17 open solicitations. Visible rows included Inseyets subscription, Job Order Contract, temperature control, Unclaimed Property Auction Services, personal protective equipment, moving services, aerial mosquito-control pesticide application, HVAC water treatment, Quickbase subscription, Medical Examiner drying rooms renovation, dental plan, concealed weapons detector/checkpoint X-ray systems, fence/gate work, juvenile forensic assessment services, oil/lubricants, and marketing services. Operator completed Tarrant County IonWave registration 2026-06-22; registration page said activated. My Profile showed receive-emails enabled, system bid notifications enabled, announcement emails enabled, Administrator role enabled, and Event View/Respond role enabled. Operator reported no active/current product-fit events after logged-in search. No current mattress, bedding, jail, detention, furniture, shelter, cot, or bed product fit. No active pipeline promotion."
travis-county-transparency-jail-watch,watching,Travis County Purchasing Transparency Portal,"Travis County, Texas",,Travis County transparency portal and jail bedding watch,https://purchasingtransparency.traviscountytx.gov/public/search/solicitations,2026-06-21,,correctional_detention,Travis County; Austin; sheriff; jail; correctional; mattress; bedding; detention; inmate; cots; furniture,,"MONITOR: manually review Travis County Purchasing Transparency Portal for mattress, bedding, cots, furniture, shelter, correctional, and detention/inmate supplies. Static fetch does not expose solicitation rows, so verify in browser before any active promotion.",2026-06-21,2026-06-21,"Public sweep 2026-06-21 verified the official Travis County Purchasing Office page links Current Solicitations to https://purchasingtransparency.traviscountytx.gov/public/search/solicitations and Contracts Search to https://ethicspolicy.traviscountytx.gov/public/search/contracts. Purchasing contact: C.W. Bruner, Purchasing Agent, 700 Lavaca Suite 800, Austin, TX 78701, phone 512-854-9700. Static fetch of the current solicitations page confirmed the Purchasing Office Transparency Portal and ACTIVE solicitations search UI, but row data is Blazor-rendered and not exposed in static HTML. No current product-fit bid was confirmed; keep as manual review/registration target and do not promote without browser-visible current solicitation details."
el-paso-county-ionwave-jail-watch,watching,IonWave,"El Paso County, Texas",,El Paso County IonWave registration and jail bedding watch,https://epcountypurchasing.ionwave.net/SourcingEvents.aspx?SourceType=1,2026-06-22,,correctional_detention,El Paso County; IonWave; jail; sheriff; detention; correctional; mattress; bedding; inmate; cots; furniture,,"MONITOR: El Paso County IonWave supplier registration activated 2026-06-22. Re-run current solicitations weekly for mattress, bedding, cots, furniture, shelter, correctional, detention, and inmate-supply terms; promote only if a current open product-fit event is verified.",2026-06-22,2026-06-29,"El Paso County IonWave current-events refresh 2026-06-22 returned 6 open items: 26-015 Los Portales Museum and Visitor Center Operations and Management due 2026-06-25, 26-018 Sports Tourism Promotion Program Services due 2026-06-25, 26-016 Accounts Receivable Debt Collection Management Software due 2026-07-02, 26-019 Mobile Home Replacement Project for Community Services Department due 2026-07-09, 26-020 San Felipe OHV Park Training Area Restroom Phase I due 2026-07-16, and 26-017 Management and Operation of County-Owned Coliseum due 2026-08-06. Operator completed El Paso County IonWave registration 2026-06-22; registration page said activated. Logged-in bid-event review initially showed old BuyBoard closed furniture rows because the agency selector was set to BuyBoard, then operator switched/reviewed the El Paso context and reported nothing current/product-fit. No current mattress, bedding, jail, detention, furniture, shelter, cot, or bed product fit. No active pipeline promotion."
oklahoma-county-bidnet-detention-watch,watching,BidNet Direct,"Oklahoma County, Oklahoma",,Oklahoma County BidNet detention bedding watch,https://www.bidnetdirect.com/oklahoma/oklahomacounty,2026-06-22,,correctional_detention,Oklahoma County; BidNet; Oklahoma County Detention Center; jail; detention; correctional; mattress; bedding; inmate; cots; furniture,,"MONITOR: Oklahoma County BidNet signup/coverage verified 2026-06-22 through the existing Oklahoma Purchasing Group account. Re-run logged-in searches for mattress, bedding, cots, furniture, shelter, correctional, detention, jail, and inmate-supply terms; do not promote unless a current open product-fit solicitation is verified.",2026-06-22,2026-06-29,"Public sweep 2026-06-21 verified the official Oklahoma County Purchasing page. The page lists Purchasing at 320 Robert S. Kerr Avenue #321, Oklahoma City, OK 73102, phone 405-713-1485, purchasing@oklahomacounty.org, and includes a Quick Links entry for Active Bids (BidNet) pointing to the Oklahoma County BidNet buyer page. The page also links Oklahoma County Detention Center from the county navigation. Automated public fetch of the BidNet Oklahoma County open-bids page returned 403 Forbidden. Operator confirmed 2026-06-22 that Oklahoma County BidNet signup/coverage is complete and no current open mattress, bedding, jail, detention, furniture, shelter, cot, bed, correctional, or inmate product-fit opportunity was visible after logged-in review. Keep as a logged-in BidNet detention watch; no active pipeline promotion."
orleans-parish-new-orleans-brass-watch,watching,City of New Orleans BRASS,"City of New Orleans / Orleans Parish, Louisiana",,New Orleans BRASS detention and shelter bedding watch,https://nola.gov/view-bid-opportunities/,2026-06-21,,correctional_detention,New Orleans; Orleans Parish; BRASS; Infor; jail; detention; correctional; mattress; bedding; shelter; cots; furniture,,MONITOR: New Orleans BRASS registration and commodity-code notifications completed 2026-06-24. Watch beford@silverlinesleep.com / Procurement Alerts for BRASS event notices and re-run public BRASS searches weekly; promote only if a current open product-fit event is visible.,2026-06-21,2026-06-24,"New Orleans BRASS public opportunities refresh 2026-06-22. Current open rows visible on NOLA.gov/BRASS included EMS - Agility Testing, ITQ Gulf South Vector Promotional Items, ITB - NOAB - Grease Interceptor Maintenance Services, and ITB - NOAB - ST Concourse A & B Demolition, plus related non-product airport/service rows. Page links BRASS Supplier Assistance, supplier registration, and the Infor Supply Management Supplier portal. No current mattress, bedding, jail, detention, furniture, shelter, cot, or bed product fit. No active pipeline promotion. Public BRASS refresh 2026-06-24 found open rows #4725 ITQ NOAB Electrical Supplies, #4709 RFI NOAB In-Terminal Mobile Ordering/Pickup/Delivery, #4706 Drug Testing Services, #4701 NOAB training/performance audit, #4708 NOPD canine veterinarian care, #4724 Home Delivery & Transportation, and #4707 NOAB concourse demolition. No mattress, bedding, jail/detention, furniture, shelter, cot, or bed product fit; no active pipeline promotion. Operator completed New Orleans BRASS / Infor supplier profile verification 2026-06-24. Registration status shows Complete for Continental Silverline / Silverline Sleep, supplier 13390, with beford@silverlinesleep.com as the profile email. Commodity-code notifications are active; visible selected codes included Beds and Mattresses, Hospital Specialized (410-03), Furniture, Health Care, Custom Made (410-33), and Furniture, Hospital, Not Specialized (410-34), and operator reported additional relevant mattress, bedding, bed, cot, furniture, dormitory/institutional, correctional/detention, inmate, shelter, and emergency terms/codes were added where available. No current BRASS open mattress, bedding, jail/detention, furniture, shelter, cot, or bed product-fit event was found during the 2026-06-24 sweep; no active pipeline promotion."
east-baton-rouge-purchasing-prison-watch,watching,East Baton Rouge Parish Purchasing,"City of Baton Rouge / Parish of East Baton Rouge, Louisiana",,East Baton Rouge parish prison bedding watch,https://www.brla.gov/358/Purchasing,2026-06-21,,correctional_detention,East Baton Rouge; Baton Rouge; parish prison; Central Bidding; Vendor Self Service; jail; detention; correctional; mattress; bedding; shelter; cots; furniture,,"MONITOR: East Baton Rouge VSS registration and commodity notification setup completed 2026-06-24. Watch beford@silverlinesleep.com / Procurement Alerts and, if needed, restonichouston routing for VSS notices; re-run BRLA/Central Bidding searches weekly and promote only if a current open product-fit event is verified.",2026-06-21,2026-06-24,"East Baton Rouge public bids refresh 2026-06-22. BRLA CivicEngage Open Bids page says there are no open bid postings at this time. Keep City-Parish Vendor Self Service/Central Bidding as a logged-in registration and alert target for parish prison, detention, shelter, mattress, bedding, cots, and institutional furniture. No current product-fit bid confirmed; no active pipeline promotion. Public refresh 2026-06-24 verified BRLA Purchasing links to Central Bidding, Vendor Self Service, scheduled bid openings, and NIGP listing. Scheduled bid openings page was last modified 2026-06-01 and listed June openings for pharmacy benefits manager, sidewalks/bike paths, janitorial services for Public Safety Complex, third-party claims administrator, Airport/EMS station renovation, airport floor care, and runway EMAS/blast pad work. No mattress, bedding, parish-prison, furniture, shelter, cot, or bed product fit confirmed; keep registration/alert setup as logged-in operator task. Operator completed East Baton Rouge / City-Parish Vendor Self Service registration and commodity setup 2026-06-24. VSS homepage confirms registered vendors receive bid notifications; vendor account visible for Continental Silverline with vendor number 1099. Operator reviewed Commodities and added/confirmed mattress, bedding, bed, cot, furniture, prison/detention/inmate, shelter, emergency, and related NIGP/category coverage where available. Portal displayed vendor record email BEFORD@RESTONICHOUSTON.COM and user/profile email BEFORD@SILVERLINESLEEP.COM; monitor both mailbox routing if VSS notices arrive from the legacy vendor email. No current East Baton Rouge open mattress, bedding, parish-prison, furniture, shelter, cot, or bed product-fit event was found during the 2026-06-24 sweep; no active pipeline promotion."
hinds-county-purchasing-detention-watch,watching,Hinds County MS Purchasing,"Hinds County, Mississippi",,Hinds County purchasing and Raymond detention bedding watch,https://www.hindscountyms.com/departments/purchasing,2026-06-21,,correctional_detention,Hinds County; Raymond Detention Center; Jackson; sheriff; jail; detention; correctional; mattress; bedding; inmate; cots; furniture,,"MONITOR: Hinds County vendor-list outreach completed 2026-06-24; watch for Purchasing reply and quote/bid notices, and re-run Hinds Purchasing/RFP page, Find RFP, Mississippi MAGIC, and Jackson Advocate notices weekly. Promote only if a current open product-fit event is verified.",2026-06-21,2026-06-24,"Hinds County Purchasing refresh 2026-06-22. Page continues to describe vendor qualification through Purchasing with W-9 plus product list/catalog pricing, annual bid agreements for commonly used supplies/services, formal-bid publication in the Jackson Advocate, and Find RFP e-purchasing. Visible RFP links remain older/non-product scopes including inmate medical services, inmate mental health services, waste collection, payroll, sheriff food bid, surplus/scrap, and public-works term bids. No current mattress, bedding, jail/detention supplies, furniture, shelter, cot, or bed product-fit bid confirmed. No active pipeline promotion. Public refresh 2026-06-24 confirmed Hinds County still directs vendors to contact Purchasing with W-9 plus product list/catalog pricing, uses annual bid agreements for common supplies/services, and publishes formal bids in the Jackson Advocate. Visible RFP links remain older/non-product scopes, including inmate medical/mental health services, waste collection, payroll, sheriff food bid, surplus/scrap, and term/public-works items. No current mattress, bedding, jail/detention supplies, furniture, shelter, cot, or bed product-fit bid confirmed. Operator completed Hinds County vendor-list outreach 2026-06-24. Hinds Purchasing page confirms qualified-vendor process is by contacting Purchasing by telephone, fax, or email with completed W-9 plus product list/catalog pricing; formal bids are published in the Jackson Advocate and Hinds also references Find RFP e-purchasing. Operator emailed Purchasing requesting Continental Silverline / Silverline Sleep be added for mattresses, bedding, beds, cots, institutional/dormitory/residential furniture, shelter supplies, and detention/correctional/inmate bedding opportunities. No current Hinds open mattress, bedding, jail/detention supplies, furniture, shelter, cot, or bed product-fit bid was confirmed; no active pipeline promotion."
pulaski-county-ionwave-detention-watch,watching,IonWave,"Pulaski County, Arkansas",,Pulaski County IonWave detention bedding watch,https://arkansas.ionwave.net/SourcingEvents.aspx?SourceType=1,2026-06-21,,correctional_detention,Pulaski County; Little Rock; Arkansas IonWave; sheriff; juvenile detention; jail; detention; correctional; mattress; bedding; cots; furniture,,MONITOR: Arkansas IonWave / AR Bid registration activated 2026-06-24. Watch beford@silverlinesleep.com / Procurement Alerts for commodity-code notices and re-run Arkansas IonWave/Pulaski County searches weekly; promote only if a current open product-fit event is verified.,2026-06-21,2026-06-24,"Arkansas IonWave refresh 2026-06-22 returned 16 open rows. Pulaski County visible rows remain 26-A-002 Providence Park Street/Drainage/Utility Improvements Phase 3 due 2026-06-30, 26-A-001 Hilaro Springs Road to Baseline due 2026-07-07, RFP-26-003 Online Auction Services due 2026-07-07, and RFP-26-004 Vending Services due 2026-07-14. Other open rows were Hot Springs chemicals/maintenance/HVAC/pressure washing, Little Rock Water Reclamation utility work, Port of Little Rock bank repairs, and non-product services. No current mattress, bedding, jail, detention, furniture, shelter, cot, or bed product fit. No active pipeline promotion. Arkansas IonWave public refresh 2026-06-24 returned 16 open rows. Pulaski County rows remain 26-A-002 Providence Park Street/Drainage/Utility Improvements Phase 3 due 2026-06-30, 26-A-001 Hilaro Springs Road to Baseline due 2026-07-07, RFP-26-003 Online Auction Services due 2026-07-07, and RFP-26-004 Vending Services due 2026-07-14. Other visible rows were Central Arkansas Water training and Hot Springs actuarial, drainage, chemical, generator, HVAC, pressure-washing, and janitorial/service items. No current mattress, bedding, jail, detention, furniture, shelter, cot, or bed product fit; no active pipeline promotion. Operator completed Arkansas IonWave / AR Bid supplier registration 2026-06-24; portal displayed ""Your registration has been activated"" on the Complete step after Terms, Company Info, Addresses, W-9, Commodity Codes, Classifications, and Review. Registration path included commodity-code setup for mattress, bedding, beds, cots, furniture, shelter, correctional, detention, juvenile detention, inmate, and related institutional terms where available. No current Pulaski County / Arkansas IonWave open mattress, bedding, jail, detention, furniture, shelter, cot, or bed product-fit event was confirmed; no active pipeline promotion."
bidnet-la-lake-chien-marine-mattress-revetment,no-fit,BidNet Direct,Louisiana State & Local,,Lake Chien Living Shoreline Project,https://www.bidnetdirect.com/louisiana,2026-05-27,2026-06-25,other,mattress; marine mattress; revetment; shoreline,0,"NO-FIT: marine mattress revetment is shoreline/civil works material, not a bedding or sleep-product opportunity. Keep BidNet TX/LA alerts active and continue logged-in searches for finished mattress, bedding, dormitory, correctional, cot, shelter, and furniture terms.",2026-06-21,2026-06-21,"Logged-in BidNet search reviewed from operator screenshot 2026-06-21. Search term mattress returned one open Louisiana Purchasing Group result: LAKE CHIEN LIVING SHORELINE PROJECT, published 2026-05-27, closing 2026-06-25 03:00 PM EDT, location Louisiana. Snippet says shoreline protection and habitat enhancement using earthen fill and marine mattress revetment along marsh platform bank. This is a civil/shoreline revetment use of mattress, not Continental Silverline product fit; do not promote to active pipeline."
bidnet-tx-la-mattresses-historical-fits,watching,BidNet Direct,BidNet Direct - Texas and Louisiana Purchasing Groups,,BidNet logged-in mattresses search historical product-fit watch,https://www.bidnetdirect.com/private/supplier/solicitations/search,2026-06-21,,correctional_detention,BidNet; mattresses; box spring; bedding; bed frames; DOC; BOP; Dallas County; Louisiana; Texas; NIGP 42068,,"MONITOR: logged-in BidNet mattresses search has confirmed product-fit history but no current open bid in the visible results. Save/continue searches for mattresses, bedding, jail mattress, detention bedding, beds, bed frames, dormitory, cots, and furniture; promote only if a future result is currently open and explicitly covers finished mattress, bedding, cot, bed-frame, dormitory, shelter, or correctional products.",2026-06-21,2026-06-21,"Logged-in BidNet search reviewed from operator paste 2026-06-21 for search term mattresses with Texas and Louisiana Purchasing Groups selected. Search returned 724 total results. Meaningful historical product-fit signals included Texas State & Local 'Mattresses and Box Spring Bedding' published 2026-05-21, closing 2026-05-27, snippet for 80 Twin XL mattresses and box spring bedding; Louisiana State & Local 'Mattresses & Box Springs - Statewide' published 2026-05-20, closing 2026-06-09, snippet with innerspring/polyfoam mattress specifications; Texas State & Local 'Mattresses and Box Spring Sets and Bed Frames' published 2026-03-24, closing 2026-04-23; Louisiana DOC '*Rebid* *Fax Bid* Mattress Units-DOC' published 2026-03-13, closing 2026-03-19; Louisiana DOC 'Mattress Supplies - DOC - PE' published 2026-03-05, closing 2026-03-24; Dallas County member agency 'Graco Stella 4-in-1 Convertible Mini Crib with Bonus Mattress' published 2026-02-03, closing 2026-02-06; Louisiana DOC '*Fax Bid* Mattress Innerspring Unit-DOC' published 2026-02-03, closing 2026-03-06; and federal 'Mattresses BOP Institutions' published 2025-12-12, closing 2025-12-15. All visible product-fit results were closed before the 2026-06-21 review, so nothing was promoted to active. False-positive/non-product terms in this result set included marine/concrete/gabion/articulated mattress, stretcher mattress, shower trolley mattress length, custodial bed/mattress cleaning, linen fitting existing mattresses, vinyl/cotton mattress-production inputs, and cleanup removal of mattresses. | UPDATE 2026-07-02: two of these 'historical' TX fits identified + promoted to award-watch rows — City of Houston HFD INF-2026-0194 and City of Austin IFB 8300 DCG1033 (CSP bid both; see those lead rows). Recurring municipal fire-dept buys, not one-off misses."
bidnet-six-state-bed-bedding-search-noise,no-fit,BidNet Direct,BidNet Direct - six-state search,,BidNet bed/bedding search false-positive batch,https://www.bidnetdirect.com/private/supplier/solicitations/search,2026-06-21,,other,bed; bedding; bed bugs; landscape beds; truck bed; pipe bedding; carbon bed; private bed purchase,0,"NO-FIT: do not promote landscape beds, truck beds, pest-control bed bugs, waterline/pipe bedding, carbon beds, laundry services, or residential treatment bed-payment services. Continue logged-in BidNet searches for explicit finished mattress, bedding, cot, bed-frame, dormitory, shelter, or correctional product buys.",2026-06-21,2026-06-21,"Logged-in BidNet six-state bed/bedding search reviewed from operator paste 2026-06-21. Non-product or service false positives included Milam Residence plant installation (landscape beds), annual pest-control services and Abilene/CNHS pest control (bed bugs), chlorine truck/crane and F-150 truck bed cap, landscaping/grounds maintenance flower beds, Marshall water line/rock/bridge/waterline bedding, RO/DI carbon bed maintenance, utility body bed removal/installation, crane/flat-bed transport, laundry/linen service, and Behavioral Health Services RTC private bed purchase (service/payment for treatment beds, not bedding product). JBSA FA301626Q0151 was handled separately as an active bed/furniture candidate."
lsu-lapac-dept19-dorm-ffe-watch,watching,Louisiana State University Procurement / LaPAC,Louisiana State University,,LSU LaPAC department 19 dorm and FF&E watch,https://wwwcfprd.doa.louisiana.gov/osp/lapac/dspbid.cfm?search=department&term=19,2026-06-21,,dorm_student_housing,LSU; LaPAC; department 19; dormitory; residence hall; student housing; mattress; bedding; beds; Twin XL; furniture; FF&E,45,"MONITOR: review LSU department-19 LaPAC postings weekly and keep LaGov supplier notifications active for mattress, bedding, bed, dormitory, residence-hall, student-housing, furniture, and FF&E terms. Promote only if a current open LSU event explicitly includes finished mattress, bedding, bed-frame, dormitory, shelter, cot, or related sleep products.",2026-06-21,2026-06-21,"Public sweep 2026-06-21 verified the official LSU Procurement page and LaPAC posting route. LSU says ITBs and RFPs/public bid notices are electronically posted on Louisiana LaPAC, suppliers enrolled in LaPAC receive email notification of LSU postings, and new suppliers seeking email notifications must register through LaGov Supplier Self Registration Portal and pay subscription fees. LSU Procurement bid-submission instructions say formal bids must be emailed to lsubids@lsu.edu and hard copies are not accepted. Direct LSU LaPAC department-19 page showed open/current rows including 50001-2847 UREC & Lab School HVAC System Maintenance term contract; 50001-2848 Liquid Nitrogen for Museum of Natural Science term contract; 50001-2810 Printing & Finishing LSU Acceptance Packets; 50001-2838 Automated Multi-Degree of Freedom Hybrid Manufacturing System; 50001-2842 Arbor Services term contract; 50001-2836 LSUS Plumbing & Mechanical Services term contract; 50001-2817 Burden Museum & Gardens LA Light Show Maintenance; 50001-2831 Baseball and Softballs; 50001-2834 LSUS Solid Waste Collection; 50001-2813 Custodial Services; and newspaper printing. No current mattress, bedding, bed, dormitory, residence-hall, furniture, FF&E, cot, shelter, or sleep-product fit was confirmed. No active pipeline promotion."
ou-jaggaer-dorm-housing-watch,watching,University of Oklahoma Procurement / Jaggaer,University of Oklahoma,,OU Jaggaer dorm and housing product watch,https://bids.sciquest.com/apps/Router/PublicEvent?CustomerOrg=OUHSC,2026-06-21,,dorm_student_housing,OU; Jaggaer; SciQuest; dormitory; residence hall; student housing; mattress; bedding; beds; Twin XL; linen; furniture; FF&E,45,"MONITOR: OU Jaggaer registration completed 2026-06-24. Watch beford@silverlinesleep.com / Procurement Alerts and OU Jaggaer for mattress, bedding, bed, bed-frame, dormitory, residence-hall, student-housing, furniture, FF&E, cot, and shelter terms; promote only if a current open product-fit event is verified.",2026-06-21,2026-06-24,"Public sweep 2026-06-21 verified OU Procurement at https://www.ou.edu/procurement and the OU public sourcing board at https://bids.sciquest.com/apps/Router/PublicEvent?CustomerOrg=OUHSC. The sourcing board says suppliers can access current and upcoming procurement opportunities, submit bids/proposals, and communicate with OU Procurement; registration questions go to SupplierRelations@ou.edu. OU supplier information page says suppliers only have to register in the Jaggaer procurement system if they wish to participate in bids and solicitations, and instructs bidders to use the public sourcing URL and Respond Now flow. Visible rows included RFP-2026-378 Enterprise DDI Infrastructure Modernization and Support Services, open 2026-05-15 through 2026-07-31; RFP-2026-375 Temporary Labor for Catering Facilities, closed 2026-06-15; RFP-2026-374 Tennis Court Resurfacing, closed 2026-06-15; RFP-2026-371 Employee Assistance Program, closed 2026-06-03; and RFP-2026-369 Linen Services, closed 2026-06-02. Linen Services was laundering/rental service scope and already closed before sweep; the only future-dated visible event was IT infrastructure support. No current mattress, bedding, bed, dormitory, residence-hall, furniture, FF&E, cot, shelter, or sleep-product fit was confirmed. No active pipeline promotion. OU Jaggaer public sourcing refresh 2026-06-24 continued to show only RFP-2026-378 Enterprise DDI Infrastructure Modernization and Support Services as a future-dated/open item through 2026-07-31. Other visible rows were past close dates: Temporary Labor for Catering Facilities, Tennis Court Resurfacing, Employee Assistance Program, and Linen Services. Linen remained service/laundering scope and closed 2026-06-02. No current mattress, bedding, bed, dormitory, residence-hall, furniture, FF&E, cot, shelter, or sleep-product fit confirmed. Operator completed University of Oklahoma Jaggaer supplier registration 2026-06-24; confirmation page displayed ""Registration Complete for Continental Silverline"" with next steps to receive confirmation email, bookmark the site, send new user requests, return to homepage, and return to registration profile. Operator also found OU RFP-2026-359 Furniture, institutional furniture contract, but it was shown as Canceled and closed 2026-05-20, so it is historical/rebid intelligence only and not an active bid. No current OU open mattress, bedding, bed, dormitory, residence-hall, furniture, FF&E, cot, shelter, or sleep-product fit confirmed; no active pipeline promotion."
osu-jaggaer-dorm-housing-watch,watching,Oklahoma State University Procurement / Jaggaer,Oklahoma State University and A&M Colleges,,OSU A&M Jaggaer dorm and housing product watch,https://bids.sciquest.com/apps/Router/PublicEvent?CustomerOrg=OSU,2026-06-21,,dorm_student_housing,OSU; Oklahoma State; Jaggaer; SciQuest; dormitory; residence hall; student housing; mattress; bedding; beds; Twin XL; linen; furniture; FF&E,45,"MONITOR: OSU A&M Jaggaer registration completed 2026-06-24. Watch beford@silverlinesleep.com / Procurement Alerts and OSU Jaggaer for mattress, bedding, bed, bed-frame, dormitory, residence-hall, student-housing, furniture, FF&E, cot, and shelter terms; promote only if a current open product-fit event is verified.",2026-06-21,2026-06-24,"Public sweep 2026-06-21 verified the OSU A&M System public sourcing board at https://bids.sciquest.com/apps/Router/PublicEvent?CustomerOrg=OSU. The board describes itself as the Office of Central Procurement solicitations and awards page for Oklahoma State University and the A&M Colleges, facilitating procurement of goods and services for the OSU A&M System; it exposes open, upcoming, closed, awarded, and all-opportunity tabs plus Respond Now links. adminfinance.okstate.edu purchasing, bids, and supplier-registration subpages returned a Cloudflare JavaScript/cookie challenge to automated fetches during review, so use a browser/manual check for those pages if registration help is needed. Visible open rows were OSUA&M-RFP-001839-2026 Athletics team travel services for a football travel event to Surprise, Arizona, due 2026-07-30; OSUA&M-PRO-001844-2026 OSU Equestrian Patio, due 2026-07-13; OSUTUL-RFP-001795-2026 Coding Reviews, due 2026-06-30; OSUA&M-RFP-001836-2026 Planned Maintenance Program for the Hamm Institute, due 2026-06-29; OSUA&M-RFQ-001843-2026 OSU-Tulsa AV Refresh Project, due 2026-06-24; and OSUTUL-RFP-001827-2026 Rural Health Clinic Consulting Services, due 2026-06-22. No current mattress, bedding, bed, dormitory, residence-hall, furniture, FF&E, cot, shelter, or sleep-product fit was confirmed. No active pipeline promotion. OSU Jaggaer public sourcing refresh 2026-06-24 showed six open-status rows: football team travel due 2026-07-30, OSU Equestrian Patio due 2026-07-13, Coding Reviews due 2026-06-30, Hamm Institute planned maintenance due 2026-06-29, OSU-Tulsa AV Refresh due 2026-06-24, and Rural Health Clinic Consulting Services due 2026-06-22. No current mattress, bedding, bed, dormitory, residence-hall, furniture, FF&E, cot, shelter, or sleep-product fit confirmed. Operator completed Oklahoma State University and the A&M Systems Jaggaer registration 2026-06-24. Registration progressed from invited/cold-call status through Business Details, Contacts, Conflict of Interest, and Certify & Submit. Business description covered institutional mattresses, bedding, bed frames, box springs, dormitory mattresses, correctional mattresses, medical/fire-retardant mattresses, and related sleep products across TX/OK/LA/MS/AR/NM. Commodity codes selected included 56000000 Furniture and Furnishings, 56100000 Accommodation furniture, 56110000 Commercial and industrial furniture, and 56130000 Merchandising furniture and accessories; keyword/profile terms included mattress and related bedding/bed/cot/dormitory/residence-hall/student-housing/furniture/shelter terms where available. No current OSU open mattress, bedding, bed, dormitory, residence-hall, furniture, FF&E, cot, shelter, or sleep-product fit confirmed; no active pipeline promotion."
sam-gov-federal-u-s-dept-of-veterans-affairs-vha-multiple-visns-recurring-ex-36c24826q0511,watching,SAM.gov (federal),"U.S. Dept of Veterans Affairs (VHA, multiple VISNs)",recurring (ex. 36C24826Q0511),VA institutional / mental-health mattresses (recurring federal channel),,2026-06-24,,public_health_residential,mattresses; institutional bedding; mental health,60,"SAM blocked: logged-in verification 2026-06-28 found UEI XF73FG8CVMX1 on a wrong-named SAM Work-In-Progress record (CONTINENTAL SILVERLINE PRODUCTS, L.P.), no CAGE, no banking entered. Do not cite the UEI or submit federal offers until self-service Entity Validation or FSD resolves the LLC-valid registration path. Saved-search notifications remain active for NAICS 337910, PSC 7210, and keyword mattress.",2026-06-24,2026-06-24,"Recurring federal mattress demand channel, NOT a single open bid. Most recent example: VISN 8 (Sunshine Healthcare Network) Sources Sought 36C24826Q0511 'FY26 Mental Health Mattresses', due 2026-04-10 (PAST -- cited as evidence of the recurring pattern). VA buys mattresses across multiple VISNs/medical centers. Distinguish institutional/sleep mattresses (in scope) from brand-specific medical/hospital mattresses e.g. Hillrom/Baxter (likely out of scope). Surfaced via 2026-06-24 federal scan; web tools cannot enumerate live SAM.gov open list (JS-rendered) -- operator must run the SAM.gov saved search. SAM status update 2026-06-28: wrong-named WIP under UEI XF73FG8CVMX1; do not complete banking or cite UEI until the LLC correction/fresh-validation path is resolved."
sam-gov-federal-u-s-doj-federal-bureau-of-prisons-multiple-fcis-recurring-ex-15b40826q00000012,watching,SAM.gov (federal),U.S. DOJ - Federal Bureau of Prisons (multiple FCIs),recurring (ex. 15B40826Q00000012),Federal Bureau of Prisons (FCI) mattresses (recurring federal channel),,2026-06-24,,correctional_detention,mattresses; correctional; inmate; detention,60,"SAM blocked: logged-in verification 2026-06-28 found UEI XF73FG8CVMX1 on a wrong-named SAM Work-In-Progress record (CONTINENTAL SILVERLINE PRODUCTS, L.P.), no CAGE, no banking entered. Do not cite the UEI or submit federal offers until self-service Entity Validation or FSD resolves the LLC-valid registration path. Saved-search notifications remain active for NAICS 337910, PSC 7210, and keyword mattress.",2026-06-24,2026-06-24,"Recurring federal mattress demand channel, NOT a single open bid. Most recent example: FCI Leavenworth 15B40826Q00000012 'FCI Leavenworth Mattresses', due 2026-04-24 (PAST -- cited as evidence of the recurring pattern). BOP buys correctional mattresses across many FCIs/FMCs; flame/fire-retardant + correctional-spec compliance typically required. Surfaced via 2026-06-24 federal scan; web tools cannot enumerate live SAM.gov open list (JS-rendered). SAM status update 2026-06-28: wrong-named WIP under UEI XF73FG8CVMX1; do not complete banking or cite UEI until the LLC correction/fresh-validation path is resolved."
sam-gov-federal-u-s-army-dod-barracks-billeting-multiple-installations-recurring-ex-w91qvn25qa041-fa301626q0151,watching,SAM.gov (federal),"U.S. Army / DoD (barracks & billeting, multiple installations)",recurring (ex. W91QVN25QA041; FA301626Q0151),Army/DoD barracks bunk beds & mattresses (recurring federal channel),,2026-06-24,,dorm_student_housing,bunk beds; lift beds; mattresses; barracks; dormitory furniture,65,"SAM blocked: logged-in verification 2026-06-28 found UEI XF73FG8CVMX1 on a wrong-named SAM Work-In-Progress record (CONTINENTAL SILVERLINE PRODUCTS, L.P.), no CAGE, no banking entered. Do not cite the UEI or submit federal offers until self-service Entity Validation or FSD resolves the LLC-valid registration path. Saved-search notifications remain active for NAICS 337910, PSC 7210, and keyword mattress.",2026-06-24,2026-06-25,"Recurring federal demand channel for barracks/dorm beds + mattresses, NOT a single open bid. Examples: W91QVN25QA041 'Purchase of Mattresses and Boxsprings' (Army); and JBSA FA301626Q0151 (archived no-bid 2026-06-25: lift/bunkable beds + wardrobes = furniture with no bedding CLIN, and SAM not Active; watch this channel for the next cycle). Army MICC and AETC base contracting recurringly buy bunk/lift beds, wardrobes, mattresses for barracks/billeting. Surfaced via 2026-06-24 federal scan; web tools cannot enumerate live SAM.gov open list (JS-rendered). SAM status update 2026-06-28: wrong-named WIP under UEI XF73FG8CVMX1; do not complete banking or cite UEI until the LLC correction/fresh-validation path is resolved."
sourcewell-sourcewell-member-agencies-rfp-091423,watching,Sourcewell,Sourcewell (member agencies),RFP 091423,Furniture Solutions w/ Related Accessories - re-bid window (Sourcewell),https://www.sourcewell-mn.gov/solicitations/10745,,2027-12-04,awarded_contract_watch,furniture; ff&e; mattress; dormitory; re-bid,,ESTIMATED re-bid ~mid-2027 (contract expires 2027-12-04); set reminder ~4-6 mo prior; register supplier alerts.,2026-06-27,2026-06-27,"Positioning, not a live bid. Register at proportal.sourcewell-mn.gov with furniture/FF&E codes."
buyboard-tasb-buyboard-member-agencies-proposal-767-25,watching,BuyBoard,TASB / BuyBoard (member agencies),Proposal 767-25,Furniture (School/Office/Library/Dormitory) - re-bid window (BuyBoard),https://www.buyboard.com/vendor/proposal-invitations,,2028-03-31,awarded_contract_watch,furniture; ff&e; mattress; dormitory; re-bid,,ESTIMATED re-bid ~late 2027/early 2028 (contract ends 2028-03-31); set reminder ~4-6 mo prior.,2026-06-27,2026-06-27,Positioning. Register/repair at buyboard.ionwave.net with Furniture + Bedding codes.
tips-region-8-esc-tips-member-agencies-tips-230301,watching,TIPS,Region 8 ESC / TIPS (member agencies),TIPS 230301,"Furniture, Furnishings & Services - re-bid window (TIPS)",https://www.tips-usa.com,,2028-05-31,awarded_contract_watch,furniture; ff&e; mattress; dormitory; re-bid,,ESTIMATED re-bid ~late 2027/early 2028 (renewals through 2028-05-31); set reminder ~4-6 mo prior.,2026-06-27,2026-06-27,Positioning. Register at tips.ionwave.net with Furniture/Furnishings codes.
omnia-partners-region-4-esc-lead-agency-omnia-region-4-dorm-furniture,watching,OMNIA Partners,Region 4 ESC (lead agency) / OMNIA,Region 4 dorm furniture,Dormitory/Residence-Hall Furniture master - re-bid window (OMNIA/Region 4),https://www.omniapartners.com/publicsector/contracts/furniture,,2029-09-30,awarded_contract_watch,furniture; ff&e; mattress; dormitory; re-bid,,ESTIMATED re-bid ~2028-2029 (expires ~2029-09-30); set reminder ~6 mo prior.,2026-06-27,2026-06-27,Positioning. Already registered via Region 4 ESC/IonWave; confirm dorm furniture codes.
omnia-partners-omnia-uc-lead-agency-omnia-mattresses-master,watching,OMNIA Partners,OMNIA (UC lead agency),OMNIA mattresses master,"Mattresses, Related Products & Services master - re-bid window (OMNIA)",https://www.omniapartners.com/get-started/solicitations,,2031-08-31,awarded_contract_watch,furniture; ff&e; mattress; dormitory; re-bid,,ESTIMATED re-bid ~2030-2031 (expires ~2031-08-31); set reminder ~6 mo prior. HIGH product-fit (mattresses).,2026-06-27,2026-06-27,Positioning; our strongest co-op product fit. Join the OMNIA solicitation mailing list.
choice-partners-hcde-harris-county-dept-of-education-23-022mf,watching,Choice Partners / HCDE,Harris County Dept. of Education,23/022MF,FF&E and Related Items - re-bid window (Choice Partners/HCDE),https://www.choicepartners.org/current-rfps,,,awarded_contract_watch,furniture; ff&e; mattress; dormitory; re-bid,,"Confirm 23/022MF expiry via purchasing@hcde-texas.org; register HCDE eBid fresh as LLC, but leave UEI blank or pause if UEI is required until SAM self-service/FSD resolves XF73FG8CVMX1 correction vs fresh validation.",2026-06-27,2026-06-27,Expiry not published - due-date blank until confirmed. Register at hcdeebid.ionwave.net with FF&E + mattress/bedding + dormitory codes.
sam-gov-dept-of-defense-dept-of-the-air-force-air-education-and-training-command-joint-base-san-antonio-fa3016-502-cons-cl-fa301626q0088,reviewing,SAM.gov,DEPT OF DEFENSE DEPT OF THE AIR FORCE AIR EDUCATION AND TRAINING COMMAND JOINT BASE SAN ANTONIO FA3016  502 CONS CL,FA301626Q0088,JBSA LAK NAVY DORM FURNISHINGS B10055,https://sam.gov/workspace/contract/opp/3a25e68a77ff4c93a7adc95157aa8d99/view,2026-06-23,2026-07-09,dorm_student_housing,furnishings; psc 7105,55,HUMAN: confirm mattress/bedding scope before promotion.,2026-06-29,2026-06-29,"weak only: furnishings, psc 7105 (no explicit mattress term); institutional context: dorm"
city-of-houston-beaconbid-city-of-houston-fire-department-inf-2026-0194,watching,City of Houston (BeaconBid),City of Houston Fire Department,INF-2026-0194,Mattresses and Box Spring Bedding (Twin XL) - HFD recurring,https://www.beaconbid.com/solicitations/city-of-houston/969af66d-cb54-4df8-8d34-6db4a5167076/mattresses-and-box-spring-bedding,2026-05-20,,awarded_contract_watch,mattress; box spring; twin xl; recurring,90,CSP BID confirmed (operator 2026-07-02). Awaiting Houston HFD award result; email Angela Weatherspoon to follow up; stay on bid list for recurring ~2x/yr runs.,2026-07-02,2026-07-02,"TX Twin-XL 'Mattresses and Box Spring Bedding' identified 2026-07-02 as City of Houston Fire Dept INF-2026-0194 (80 ea Twin XL 38x80x11.5 + 80 box springs, 16 CFR 1633, delivery HFD 2707 Dalton, Houston 77017). Closed 5/27/2026, AWARDED (winner not public). RECURRING ~2x/yr (prior INF-2025-0116 buyer Ronald LaBorde; INF-2025-0447). Buyer Angela Weatherspoon (Angela.Weatherspoon@houstontx.gov). BeaconBid session showed CSP response submitted 5/20/2026 conf RUASV - OPERATOR TO CONFIRM. Outreach draft docs/drafts/recurring_buyer_outreach_2026-06-30.md #3a. | CONFIRMED 2026-07-02 (operator): CSP submitted a bid on INF-2026-0194. Awaiting award result."
city-of-austin-austin-finance-online-city-of-austin-fire-ems-ifb-8300-dcg1033,promoted,City of Austin (Austin Finance Online),City of Austin - Fire / EMS,IFB 8300 DCG1033,"Mattresses, Box Spring Sets and Bed Frames - Austin Fire/EMS",https://financeonline.austintexas.gov/afo/account_services/solicitation/solicitation_details.cfm?sid=143770,2026-03-23,2026-04-23,awarded_contract_watch,mattress; box spring; bed frame; twin xl,90,WON (operator-confirmed 2026-07-02). Awaiting award finalization / PO / delivery coordination from Diego Cruz-Garcia. Deliver on City timeline; watch for next recurring Fire/EMS solicitation.,2026-07-02,2026-07-02,TX 'Mattresses and Box Spring Sets and Bed Frames' identified 2026-07-02 as City of Austin IFB 8300 DCG1033 (Austin Fire + EMS). Closed 4/23/2026; award recommendation posted 5/12/2026. CSP VERIFIED among 6 bidders on Austin Finance Online. Buyer Diego Cruz-Garcia (diego.cruz-garcia@austintexas.gov). Bid tab downloadable from portal. Outreach draft #3b. | *** WON 2026-07-02 (operator-confirmed): CSP is the awarded vendor on IFB 8300 DCG1033 (Austin Fire/EMS mattresses/box springs/bed frames). Awaiting next steps (PO/delivery). FIRST confirmed funnel win. Recurring buyer — track next cycle. ***
sam-gov-dept-of-defense-dept-of-the-air-force-space-systems-command-fa2521-45-cons-pk-fa252126qb085,reviewing,SAM.gov,DEPT OF DEFENSE DEPT OF THE AIR FORCE SPACE SYSTEMS COMMAND FA2521  45 CONS PK,FA252126QB085,Dorm Mattresses,https://sam.gov/workspace/contract/opp/1b6a7478759040d9b72f1f1b7bee3954/view,2026-07-13,2026-07-22,dorm_student_housing,mattresses; 337910; naics 337910; psc 7210,55,HUMAN: confirm mattress/bedding scope before promotion.,2026-07-13,2026-07-13,"strong: mattresses, 337910, naics 337910, psc 7210; out-of-region: FL"
sam-gov-interior-department-of-the-us-fish-and-wildlife-service-fws-sat-team-2-140fs226q0135,no-fit,SAM.gov,"INTERIOR, DEPARTMENT OF THE US FISH AND WILDLIFE SERVICE FWS, SAT TEAM 2",140FS226Q0135,MI-SENEY NWR - BUNKHOUSE FURNITURE,https://sam.gov/workspace/contract/opp/18df0fd6a67647fab0ccc41bed2dfedc/view,2026-07-09,2026-07-20,broad_furniture_ffe,furniture; psc 7105,45,"NO-FIT: bunkhouse FURNITURE (casegoods) at Seney NWR, Michigan - no mattress/bedding term and far outside the TX/OK/LA/MS/AR/NM service geography. No promotion; SAM ingest keeps watching for real product-fit rows.",2026-07-13,2026-07-13,"weak only: furniture, psc 7105 (no explicit mattress term) | Operator triage 2026-07-13: weak furniture-only match, out of region; dismissed no-fit."
ut-austin-vendor-portal-uhd-watch,watching,UT Austin Procurement Services / Vendor Management Office,The University of Texas at Austin,,UT Austin vendor portal registration + UHD dorm mattress watch (VMO intro follow-up),https://procurement.utexas.edu/,2026-07-13,,dorm_student_housing,UT Austin; vendor portal; ESBD agency 721; University Housing and Dining; UHD; residence hall; dormitory; student housing; mattress; bedding; Twin XL; FF&E,50,REGISTER: complete UT Austin vendor portal registration (Procurement Services); add ESBD saved search for agency code 721 (ESBD account already active); then watch UHD (University Housing and Dining) for dorm mattress/FF&E buys and Planning Design & Construction minor-project (<$10M) solicitations.,2026-07-13,2026-07-13,"Operator met with UT Austin Vendor Management Office (intro meeting); VMO follow-up email received 2026-07-13 with resource list: UT Austin Vendor Portal (Procurement Services), Procurement Portal, minor-project (<$10M) solicitations via Planning Design & Construction, Procurement Services homepage, UHD homepage, ESBD solicitations under UT Austin agency code 721, Comptroller outreach calendar, Vendor Information Center. GPO/route-to-market note: HBP Part 7.5.2 D1 permits UT Austin to buy from existing contracts - our E&I registration (University Sleep Products EI00071 category precedent) and TIPS/Region 4-OMNIA co-op vehicles are alternate routes to UHD without waiting for a UT-issued solicitation. Contact provided: Michelle Bernal (michelle.bernal@austin.utexas.edu), Medical/Lab/Natural Sciences category manager - relevant for medical-mattress category; housing/FF&E category buyer not yet identified. All outbound email from silverlinesleep.com per policy; keep outreach as markdown drafts."
sam-gov-dept-of-defense-dept-of-the-navy-navsup-navsup-global-logistics-support-navsup-flc-norfolk-navsup-flt-log-ctr-norfolk-n0018926ql265,reviewing,SAM.gov,DEPT OF DEFENSE DEPT OF THE NAVY NAVSUP NAVSUP GLOBAL LOGISTICS SUPPORT NAVSUP FLC NORFOLK NAVSUP FLT LOG CTR NORFOLK,N0018926QL265,Berthing Mattresses for the United States Naval Academy,https://sam.gov/workspace/contract/opp/bcba657b536141e8a7471795c452a41d/view,2026-07-13,2026-07-20,other,mattresses; 337910; naics 337910; psc 7210,55,HUMAN: confirm mattress/bedding scope before promotion.,2026-07-14,2026-07-14,"strong: mattresses, 337910, naics 337910, psc 7210; out-of-region: MD"
sam-gov-dept-of-defense-dept-of-the-air-force-air-force-materiel-command-air-force-sustainment-center-fa8136-afsc-pziob-fa8136260003,reviewing,SAM.gov,DEPT OF DEFENSE DEPT OF THE AIR FORCE AIR FORCE MATERIEL COMMAND AIR FORCE SUSTAINMENT CENTER FA8136  AFSC PZIOB,FA8136260003,Full Size Bed Frames 72 CEIHD,https://sam.gov/workspace/contract/opp/d4515c102ecb45a9a5b408b5d1b52da7/view,2026-07-13,2026-07-23,other,bed frames; psc 7105,45,HUMAN: confirm mattress/bedding scope before promotion.,2026-07-14,2026-07-14,"weak only: bed frames, psc 7105 (no explicit mattress term)"
